-- phpMyAdmin SQL Dump
-- version 5.2.1
-- https://www.phpmyadmin.net/
--
-- Host: 127.0.0.1
-- Generation Time: Feb 19, 2025 at 09:43 AM
-- Server version: 10.4.32-MariaDB
-- PHP Version: 8.1.25

SET SQL_MODE = "NO_AUTO_VALUE_ON_ZERO";
START TRANSACTION;
SET time_zone = "+00:00";


/*!40101 SET @OLD_CHARACTER_SET_CLIENT=@@CHARACTER_SET_CLIENT */;
/*!40101 SET @OLD_CHARACTER_SET_RESULTS=@@CHARACTER_SET_RESULTS */;
/*!40101 SET @OLD_COLLATION_CONNECTION=@@COLLATION_CONNECTION */;
/*!40101 SET NAMES utf8mb4 */;

--
-- Database: `real_sikop`
--

-- --------------------------------------------------------

--
-- Table structure for table `anggota`
--

CREATE TABLE `anggota` (
  `id` int(11) NOT NULL,
  `nip_anggota` varchar(30) DEFAULT NULL,
  `status` enum('Aktif','Tidak Aktif') NOT NULL
) ENGINE=InnoDB DEFAULT CHARSET=utf8mb4 COLLATE=utf8mb4_general_ci;

--
-- Dumping data for table `anggota`
--

INSERT INTO `anggota` (`id`, `nip_anggota`, `status`) VALUES
(1, '19590910 1986091001', 'Aktif'),
(2, '19630621 1989032001', 'Aktif'),
(4, '19631016 1988112001', 'Aktif'),
(8, '19630123 1987032002', 'Aktif'),
(18, '19631206 1987031002', 'Aktif'),
(19, '19611214 1987031002', 'Aktif'),
(33, '19620924 1989101001', 'Aktif'),
(34, '19670630 1989031002', 'Aktif'),
(41, '19641127 1990032003', 'Aktif'),
(43, '19650910 1990032015', 'Aktif'),
(45, '19610628 1989032001', 'Aktif'),
(46, '19601218 1989032001', 'Aktif'),
(47, '19640120 1989031004', 'Aktif'),
(48, '19650822 1990032001', 'Aktif'),
(54, '19601123 1987031006', 'Aktif'),
(56, '19640409 1989032001', 'Aktif'),
(58, '19610411 1988032003', 'Aktif'),
(71, '19611218 1987031001', 'Aktif'),
(74, '19591217 1985031002', 'Aktif'),
(75, '19601231 1989031026', 'Aktif'),
(77, '19600817 1986031004', 'Aktif'),
(79, 'Suparman Khan, Drs, M.Hum', 'Aktif'),
(80, '19611007 1987031003', 'Aktif'),
(82, '19591207 1987031004', 'Aktif'),
(84, '19630803 1989031003', 'Aktif'),
(88, '19621106 1988112001', 'Aktif'),
(90, '19600222 1989032001', 'Aktif'),
(94, '19620222 1988032001', 'Aktif'),
(96, '19611210 1987031004', 'Aktif'),
(97, '19610801 1989101001', 'Aktif'),
(102, '19600707 1987031003', 'Aktif'),
(103, '19670823 1991032001', 'Aktif'),
(105, '19630329 1989032001', 'Aktif'),
(107, '19641231 1990032008', 'Aktif'),
(109, '19640201 1989032003', 'Aktif'),
(119, '19610801 1987032001', 'Aktif'),
(120, '19611220 1989031009', 'Aktif'),
(123, '19621108 1987032001', 'Aktif'),
(128, '19631002 1989031001', 'Aktif'),
(132, '19600820 1987022001', 'Aktif'),
(136, '19591231 1990031008', 'Aktif'),
(137, '19611022 1987031004', 'Aktif'),
(140, '19600916 1987031004', 'Aktif'),
(141, '19630706 1990031007', 'Aktif'),
(143, '19640509 1990032001', 'Aktif'),
(144, '19600321 1987032001', 'Aktif'),
(146, '19571010 1986031003', 'Aktif'),
(147, '19600417 1986031001', 'Aktif'),
(148, '19630731 1990032001', 'Aktif'),
(149, '19630410 1990032003', 'Aktif'),
(151, '19631022 1990031001', 'Aktif'),
(152, '19600511 1986121001', 'Aktif'),
(153, '19590715 1987031003', 'Aktif'),
(155, '19620323 1990032001', 'Aktif'),
(156, '19630928 1990032001', 'Aktif'),
(159, '19620410 1989032002', 'Aktif'),
(160, '19601009 1987032003', 'Aktif'),
(161, '19650226 1990032001', 'Aktif'),
(165, '19611202 1989031004', 'Aktif'),
(182, '19640404 1990031004', 'Aktif'),
(184, '19700308 1991031001', 'Aktif'),
(186, '19690808 1991031002', 'Aktif'),
(193, '19680126 1991032001', 'Aktif'),
(197, '19680320 1991031003', 'Aktif'),
(200, '19651110 1991032002', 'Aktif'),
(201, '19650210 1991032002', 'Aktif'),
(202, '19671204 1991031002', 'Aktif'),
(203, '19680125 1991032001', 'Aktif'),
(205, '19600405 1988111001', 'Aktif'),
(211, '19671231 1992032004', 'Aktif'),
(213, '19620806 1987031001', 'Aktif'),
(217, '19601229 1988032002', 'Aktif'),
(225, '19630607 1991032002', 'Aktif'),
(226, '19601228 1991032001', 'Aktif'),
(228, '19610707 1986031002', 'Aktif'),
(229, '19610212 1990031002', 'Aktif'),
(230, '19630224 1989031008', 'Aktif'),
(231, '19650607 1990031002', 'Aktif'),
(239, '19650527 1991032002', 'Aktif'),
(243, '19640807 1991031005', 'Aktif'),
(245, '19591106 1986021001', 'Aktif'),
(250, '19551214 1983012001', 'Aktif'),
(252, '19640401 1991032001', 'Aktif'),
(253, '19631113 1991031003', 'Aktif'),
(254, '19641230 1991031004', 'Aktif'),
(255, '19650719 1990032003', 'Aktif'),
(260, '19650213 1990032001', 'Aktif'),
(263, '19630927 1990032002', 'Aktif'),
(269, '19631119 1991032001', 'Aktif'),
(270, '19600121 1986031002', 'Aktif'),
(271, '19651005 1991031006', 'Aktif'),
(272, '19641203 1990012001', 'Aktif'),
(273, '19640113 1990011003', 'Aktif'),
(275, '19620903 1991032001', 'Aktif'),
(277, '19651127 1991031003', 'Aktif'),
(280, '19650325 1991031004', 'Aktif'),
(282, '19660327 1991011001', 'Aktif'),
(283, '19660103 1991121001', 'Aktif'),
(284, '19660410 1991012001', 'Aktif'),
(287, '19860529 1991032001', 'Aktif'),
(288, '19640914 1991032001', 'Aktif'),
(289, '19581024 1988031002', 'Aktif'),
(290, '19640422 1989032001', 'Aktif'),
(292, '19641231 1991031041', 'Aktif'),
(295, '19620301 1991032002', 'Aktif'),
(298, '19610828 1988032003', 'Aktif'),
(299, '19690824 1991122001', 'Aktif'),
(302, '19630921 1991121001', 'Aktif'),
(303, '19680324 1991121001', 'Aktif'),
(305, '19611204 1991031003', 'Aktif'),
(310, '19591204 1986101001', 'Aktif'),
(312, '19560130 1985022001', 'Aktif'),
(314, '19600813 1990032001', 'Aktif'),
(315, '19540808 1987011002', 'Aktif'),
(323, '19540926 1983031002', 'Aktif'),
(329, '19620523 1987032001', 'Aktif'),
(337, '19600427 1985032004', 'Aktif'),
(343, '19631215 1990032001', 'Aktif'),
(348, '19630312 1991122001', 'Aktif'),
(350, '19620422 1990102001', 'Aktif'),
(351, '19650405 1991032002', 'Aktif'),
(357, '19670212 1992031001', 'Aktif'),
(360, '19700813 1992031003', 'Aktif'),
(362, '19680708 1992031001', 'Aktif'),
(365, '19710819 1992031001', 'Aktif'),
(366, '19630611 1991032003', 'Aktif'),
(369, '19630307 1992031003', 'Aktif'),
(372, '19620509 1992032001', 'Aktif'),
(373, '19670715 1992032002', 'Aktif'),
(374, '19660604 1992032003', 'Aktif'),
(375, '19640627 1992032002', 'Aktif'),
(376, '19630414 1992032002', 'Aktif'),
(377, '19670829 1992032001', 'Aktif'),
(378, '19650910 1992032001', 'Aktif'),
(379, '19600720 1992032001', 'Aktif'),
(380, '19650517 1992032001', 'Aktif'),
(381, '19640524 1992031004', 'Aktif'),
(382, '19621124 1992032002', 'Aktif'),
(385, '19650826 1992032002', 'Aktif'),
(390, '19650325 1992031001', 'Aktif'),
(392, '19670916 1992032001', 'Aktif'),
(395, '19620303 1991121001', 'Aktif'),
(396, '19600120 1987031002', 'Aktif'),
(398, '19650910 1991032001', 'Aktif'),
(400, '19660302 1992032000', 'Aktif'),
(402, '19620413 1992032001', 'Aktif'),
(407, '19640221 1989102001', 'Aktif'),
(410, '19560417 1989031001', 'Aktif'),
(411, '19650409 1991031004', 'Aktif'),
(413, '19620903 1991031003', 'Aktif'),
(414, '19620717 1988032001', 'Aktif'),
(421, '19650812 1991032001', 'Aktif'),
(423, '19630902 1991121001', 'Aktif'),
(424, '19611105 1986012002', 'Aktif'),
(425, '19600121 1988031003', 'Aktif'),
(429, '19660304 1992012001', 'Aktif'),
(433, '19610415 1993021001', 'Aktif'),
(435, '19680530 1993032002', 'Aktif'),
(437, '19670818 1993032004', 'Aktif'),
(446, '19640204 1993021001', 'Aktif'),
(447, '19630302 1993021001', 'Aktif'),
(449, '19660505 1993031002', 'Aktif'),
(450, '19640713 1993021001', 'Aktif'),
(452, '19641116 1993032003', 'Aktif'),
(453, '19670415 1993022001', 'Aktif'),
(456, '19660605 1993031007', 'Aktif'),
(457, '19671024 1993021001', 'Aktif'),
(459, '19660427 1993021001', 'Aktif'),
(460, '19661209 1993032002', 'Aktif'),
(462, '19670612 1993021002', 'Aktif'),
(463, '19650822 1992031001', 'Aktif'),
(465, '19680702 1993032002', 'Aktif'),
(466, '19670822 1993032002', 'Aktif'),
(469, '19631114 1994031001', 'Aktif'),
(471, '19680613 1994031002', 'Aktif'),
(472, '19681213 1994032003', 'Aktif'),
(473, '19681219 1994032002', 'Aktif'),
(474, '19690630 1994032003', 'Aktif'),
(475, '19630526 1994031001', 'Aktif'),
(476, '19601013 1993081001', 'Aktif'),
(479, '19720622 1994031002', 'Aktif'),
(480, '19670808 1994032001', 'Aktif'),
(481, '19690120 1994031002', 'Aktif'),
(483, '19690926 1994032001', 'Aktif'),
(484, '19700209 1994032001', 'Aktif'),
(488, '19670202 1994031003', 'Aktif'),
(489, '19690121 1994031002', 'Aktif'),
(490, '19680916 1994032003', 'Aktif'),
(492, '19690728 1994032002', 'Aktif'),
(495, '19680722 1994031004', 'Aktif'),
(496, '19690720 1994031001', 'Aktif'),
(497, '19690120 1994031003', 'Aktif'),
(498, '19661103 1994031004', 'Aktif'),
(499, '19680410 1994031004', 'Aktif'),
(503, '19690521 1994032001', 'Aktif'),
(506, '19640626 1994031004', 'Aktif'),
(507, '19690424 1994031001', 'Aktif'),
(511, '19671117 1994031004', 'Aktif'),
(512, '19600404 1994032001', 'Aktif'),
(513, '19680226 1994032000', 'Aktif'),
(514, '19600314 1991121001', 'Aktif'),
(517, '19701028 1994031004', 'Aktif'),
(518, '19640319 1993032003', 'Aktif'),
(519, '19680126 1994032004', 'Aktif'),
(520, '19670730 1993032003', 'Aktif'),
(521, '19600720 1994031001', 'Aktif'),
(523, '19711015 1994032002', 'Aktif'),
(524, '19711231 1995031002', 'Aktif'),
(525, '19630517 1993022001', 'Aktif'),
(526, '19610327 1986022001', 'Aktif'),
(528, '19630313 1991022001', 'Aktif'),
(531, '19680609 2007011002', 'Aktif'),
(532, '19591223 1994121001', 'Aktif'),
(535, '19660727 1994031002', 'Aktif'),
(539, 'Hefrizal', 'Aktif'),
(541, '19680223 2007012001', 'Aktif'),
(543, '19660507 1994031004', 'Aktif'),
(545, '19680112 1994032002', 'Aktif'),
(547, '19670916 1993031001', 'Aktif'),
(554, '19601130 1986092001', 'Aktif'),
(555, '19681126 1995031001', 'Aktif'),
(556, '19681105 1993032004', 'Aktif'),
(557, '19631128 1994031001', 'Aktif'),
(558, '19621021 1994032001', 'Aktif'),
(560, '19660820 1994031003', 'Aktif'),
(561, '19680919 1994032002', 'Aktif'),
(563, '19680126 1994032003', 'Aktif'),
(567, '19690424 1993032001', 'Aktif'),
(568, '19670106 1989032001', 'Aktif'),
(569, '19670215 1989031001', 'Aktif'),
(570, '19660603 1989031004', 'Aktif'),
(572, '19691127 1994121001', 'Aktif'),
(573, '19630317 1988032001', 'Aktif'),
(575, '19631025 1989032002', 'Aktif'),
(577, '19600531 1990031004', 'Aktif'),
(581, '19770327 2005012002', 'Aktif'),
(583, '19750928 2005012001', 'Aktif'),
(585, '19780503 2005012003', 'Aktif'),
(587, '19780123 2005012001', 'Aktif'),
(588, '19740130 2005012001', 'Aktif'),
(589, '19820512 2005011003', 'Aktif'),
(590, '19770114 2005012002', 'Aktif'),
(591, '19780910 2005011002', 'Aktif'),
(593, '19720629 2005012001', 'Aktif'),
(594, '19700224 2005011001', 'Aktif'),
(595, '19660304 1994022002', 'Aktif'),
(598, '19790115 2005012003', 'Aktif'),
(599, '19740220 2005011001', 'Aktif'),
(600, '19750130 200512001', 'Aktif'),
(601, '19680805 1993032008', 'Aktif'),
(602, '19810816 2005012004', 'Aktif'),
(603, '19720423 2005012003', 'Aktif'),
(604, '19721215 2005011001', 'Aktif'),
(608, '19730708 2005011003', 'Aktif'),
(609, '19780225 2005012002', 'Aktif'),
(610, '19790113 2005012002', 'Aktif'),
(612, '19780818 2005011002', 'Aktif'),
(613, '19620222 1987031007', 'Aktif'),
(614, '19730303 2005012002', 'Aktif'),
(615, '19770413 2005012017', 'Aktif'),
(616, '19720321 2005011003', 'Aktif'),
(617, '19751003 2005011002', 'Aktif'),
(618, '19731007 2005012001', 'Aktif'),
(619, '19820207 2005012004', 'Aktif'),
(620, '19810207 2005012001', 'Aktif'),
(621, '19730117 2005012002', 'Aktif'),
(622, '19720323 2005012001', 'Aktif'),
(624, '19751028 2005012001', 'Aktif'),
(625, '19800627 2005012002', 'Aktif'),
(626, '19751127 2005012002', 'Aktif'),
(627, '19670816 1995121001', 'Aktif'),
(628, '19780214 2005012004', 'Aktif'),
(629, '19761221 2005011001', 'Aktif'),
(630, '19691226 2005011007', 'Aktif'),
(632, '19690628 1995011001', 'Aktif'),
(633, '19700105 2005012002', 'Aktif'),
(634, '19741210 2005012002', 'Aktif'),
(635, '19731123 2005011003', 'Aktif'),
(636, '19670105 2000032001', 'Aktif'),
(637, '19730917 2005012001', 'Aktif'),
(638, '19750702 2005012001', 'Aktif'),
(639, '19720724 2005012001', 'Aktif'),
(640, '19700530 2005011001', 'Aktif'),
(642, '19760207 2005012002', 'Aktif'),
(643, '19781009 2005011002', 'Aktif'),
(644, '19800303 2005012002', 'Aktif'),
(645, '19720814 2005012002', 'Aktif'),
(647, '19700128 2005011001', 'Aktif'),
(648, '19670727 2005011002', 'Aktif'),
(650, '19621225 1982102001', 'Aktif'),
(651, '19601101 1988031005', 'Aktif'),
(652, '19720815 200511002', 'Aktif'),
(655, '19761011 2005012003', 'Aktif'),
(657, '19820926 2008122002', 'Aktif'),
(658, '19821010 2008122002', 'Aktif'),
(659, '19800520 2008121002', 'Aktif'),
(660, '19611231 1986021002', 'Aktif'),
(661, '19820703 2005012001', 'Aktif'),
(663, '19811111 2005012003', 'Aktif'),
(665, '19860808 2009122003', 'Aktif'),
(667, '19861014 2009121003', 'Aktif'),
(670, '19740127 2005011001', 'Aktif'),
(671, 'Rabbayani, SE', 'Aktif'),
(672, '19771228 2010122002', 'Aktif'),
(673, '19880811 2010122006', 'Aktif'),
(674, '19860812 2010122006', 'Aktif'),
(676, '19810914 2010121003', 'Aktif'),
(677, '19830808 2010121003', 'Aktif'),
(678, '19860524 2010122008', 'Aktif'),
(679, '19890814 2010122001', 'Aktif'),
(680, '19830810 2010122002 ', 'Aktif'),
(681, '19850430 2010121002', 'Aktif'),
(682, '19781017 2010121002', 'Aktif'),
(684, '19860716 2010122001', 'Aktif'),
(685, '19811025 2010121002', 'Aktif'),
(689, '19820627 2005012001', 'Aktif'),
(691, '19660816 1991021001', 'Aktif'),
(692, '19670117 1997031002', 'Aktif'),
(693, '19630812 1989032001', 'Aktif'),
(695, '19681120 1998031005', 'Aktif'),
(698, '19641031 1983082001', 'Aktif'),
(699, '19691227 2005011002', 'Aktif'),
(700, '19811203 2009031001', 'Aktif'),
(701, '19820424 2009031004', 'Aktif'),
(702, '19780525 2024212008', 'Aktif'),
(704, '19770120 2014091002', 'Aktif'),
(705, '19700801 1998022001', 'Aktif'),
(707, '19691021 1994032004', 'Aktif'),
(711, '19650715 1986031000', 'Aktif'),
(713, '19750917 2002121000', 'Aktif'),
(715, '19710124 1998021001', 'Aktif'),
(716, '19650929 1990122001', 'Aktif'),
(717, '19890614 2015042003', 'Aktif'),
(718, '19910112 2015042002', 'Aktif'),
(720, '19891031 2015042002', 'Aktif'),
(722, '19880225 2015041002', 'Aktif'),
(723, '19890518 2015041003', 'Aktif'),
(724, '19910507 2015041002', 'Aktif'),
(726, '19700919 2014091000', 'Aktif'),
(728, '19791209 2009031002', 'Aktif'),
(729, '19610725 1991031002', 'Aktif'),
(730, '19740529 2006042000', 'Aktif'),
(731, '19830827 2015042001', 'Aktif'),
(732, '19870802 2015042000', 'Aktif'),
(733, '19850628 2015042003', 'Aktif'),
(734, '19860831 2015042002', 'Aktif'),
(736, '19880329 2015042000', 'Aktif'),
(737, '19880222 2015042001', 'Aktif'),
(738, '19860701 2015042001', 'Aktif'),
(739, '19840624 2015042002', 'Aktif'),
(740, '19840616 2015042001', 'Aktif'),
(741, 'Delfi', 'Aktif'),
(744, '19801229 2010012008', 'Aktif'),
(745, 'Febrisoni', 'Aktif'),
(746, 'Feriadi Eka Putra', 'Aktif'),
(747, '19860131 2009032002', 'Aktif'),
(748, '19780422 2009122001', 'Aktif'),
(749, 'Wahyu Ardi Putra', 'Aktif'),
(750, '19760910 2009032004', 'Aktif'),
(751, '19681226 1993032002', 'Aktif'),
(753, '19730509 2008032002', 'Aktif'),
(755, '19701015 1998022001', 'Aktif'),
(756, 'Willy Lisafriyadi', 'Aktif'),
(757, '19640408 1987032003', 'Aktif'),
(758, 'Irma Ermansyah', 'Aktif'),
(759, '19760512 2005012002', 'Aktif'),
(760, '19890403 2019031014', 'Aktif'),
(761, '19750302 2009031000', 'Aktif'),
(762, 'Devani Wulandari', 'Aktif'),
(763, '19840929 2015042003', 'Aktif'),
(764, '19760328 2003122002', 'Aktif'),
(765, '19870730 2015042004', 'Aktif'),
(766, '19891127 2015042001', 'Aktif'),
(767, '19620104 1986032000', 'Aktif'),
(768, '19870411 2022031001', 'Aktif'),
(769, '19930321 2022031005', 'Aktif'),
(770, '19870503 2022031003', 'Aktif'),
(771, '19951102 2022032007', 'Aktif'),
(772, '19990727 2022032014', 'Aktif'),
(773, '19980503 2022032016', 'Aktif'),
(774, '19981020 2022032014', 'Aktif'),
(775, '19960106 2022032013', 'Aktif'),
(776, '19991208 2022031003', 'Aktif'),
(777, '19660912 1997012001', 'Aktif'),
(778, '19701205 1992032000', 'Aktif'),
(779, 'Dedet Wahyudi', 'Aktif'),
(780, '19781104 2005012002', 'Aktif'),
(781, '19771209 2005011003', 'Aktif'),
(782, '19880328 2019032015', 'Aktif'),
(783, '19820207 2005012003', 'Aktif'),
(784, '19810702 2005012002', 'Aktif'),
(785, 'Alya Mishdal Rini', 'Aktif'),
(786, 'Aggy Pramana Gusman', 'Aktif'),
(787, '19950129 2022032012', 'Aktif'),
(788, 'Dewi Yudiana Shinta', 'Aktif'),
(789, 'Nofisah Darma', 'Aktif'),
(790, 'Endang Suriani', 'Aktif'),
(791, '19860227 2024211014', 'Aktif'),
(792, '19890605 2024211029', 'Aktif'),
(793, '19810531 2024211005', 'Aktif'),
(794, '19860820 2015042002', 'Aktif'),
(795, '19790607 2010042001', 'Aktif'),
(796, 'Nova Mustika', 'Aktif'),
(797, '19990307 2024212024', 'Aktif'),
(798, '20000617 2024212010', 'Aktif'),
(799, '19860512 2024211023', 'Aktif'),
(801, '19960710 2024212047', 'Aktif'),
(802, 'Chairani', 'Aktif'),
(803, 'Ikhwan Resmala Sudji', 'Aktif'),
(804, 'Riski Andri Anto', 'Aktif');

-- --------------------------------------------------------

--
-- Table structure for table `kredit_barang`
--

CREATE TABLE `kredit_barang` (
  `id` int(11) NOT NULL,
  `id_anggota` int(11) NOT NULL,
  `harga_pokok` decimal(20,2) DEFAULT NULL,
  `jangka_waktu` int(11) DEFAULT NULL,
  `pokok_dp` decimal(20,2) DEFAULT NULL,
  `total_angsuran` decimal(20,2) DEFAULT NULL,
  `pokok` decimal(20,2) DEFAULT NULL,
  `margin` decimal(20,2) DEFAULT NULL,
  `angsuran_ke` int(11) DEFAULT NULL,
  `sisa_piutang` decimal(20,2) DEFAULT NULL,
  `tanggal_mulai` date DEFAULT NULL,
  `ket_status` varchar(100) DEFAULT NULL
) ENGINE=InnoDB DEFAULT CHARSET=utf8mb4 COLLATE=utf8mb4_general_ci;

--
-- Dumping data for table `kredit_barang`
--

INSERT INTO `kredit_barang` (`id`, `id_anggota`, `harga_pokok`, `jangka_waktu`, `pokok_dp`, `total_angsuran`, `pokok`, `margin`, `angsuran_ke`, `sisa_piutang`, `tanggal_mulai`, `ket_status`) VALUES
(1, 673, 189000.00, 9, 18900.00, 20000.00, 18900.00, 1100.00, 5, 75600.00, '2024-07-25', 'Belum Lunas'),
(2, 90, 569500.00, 9, 56950.00, 60000.00, 56950.00, 3050.00, 8, 56950.00, '2024-04-02', 'Belum Lunas'),
(3, 90, 389000.00, 9, 38900.00, 41000.00, 38900.00, 2100.00, 6, 116700.00, '2024-06-20', 'Belum Lunas'),
(4, 778, 1555500.00, 9, 155550.00, 164500.00, 155550.00, 8950.00, 8, 155550.00, '2024-04-04', 'Belum Lunas'),
(5, 778, 393000.00, 9, 39300.00, 41500.00, 39300.00, 2200.00, 8, 39300.00, '2024-04-16', 'Belum Lunas'),
(6, 778, 242000.00, 9, 0.00, 25500.00, 24200.00, 1300.00, 3, 169400.00, '2024-10-01', 'Belum Lunas'),
(7, 679, 814000.00, 9, 81400.00, 85500.00, 81400.00, 4100.00, 4, 407000.00, '2024-07-26', 'Belum Lunas'),
(8, 718, 909625.00, 9, 90962.50, 128500.00, 90962.50, 37537.50, 8, 90962.50, '2024-03-21', 'Belum Lunas'),
(9, 718, 390000.00, 9, 39000.00, 41000.00, 39000.00, 2000.00, 4, 195000.00, '2024-08-01', 'Belum Lunas'),
(10, 634, 810000.00, 9, 81000.00, 86000.00, 81000.00, 5000.00, 5, 324000.00, '2024-07-10', 'Belum Lunas'),
(11, 753, 390000.00, 9, 39000.00, 41000.00, 39000.00, 2000.00, 4, 195000.00, '2024-08-19', 'Belum Lunas'),
(12, 2, 1312500.00, 9, 131250.00, 140000.00, 131250.00, 8750.00, 6, 393750.00, '2024-06-11', 'Belum Lunas'),
(13, 160, 580000.00, 9, 58000.00, 61000.00, 58000.00, 3000.00, 7, 116000.00, '2024-05-15', 'Belum Lunas'),
(14, 421, 295500.00, 9, 29550.00, 31500.00, 29550.00, 1950.00, 6, 88650.00, '2024-06-07', 'Belum Lunas'),
(15, 146, 242000.00, 9, 24200.00, 25500.00, 24200.00, 1300.00, 5, 96800.00, '2024-08-01', 'Belum Lunas'),
(16, 558, 295500.00, 9, 29550.00, 31000.00, 29550.00, 1450.00, 5, 118200.00, '2024-06-24', 'Belum Lunas'),
(17, 435, 374500.00, 9, 37450.00, 40000.00, 37450.00, 2550.00, 2, 262150.00, '2024-10-14', 'Belum Lunas'),
(18, 435, 209000.00, 10, 0.00, 22000.00, 20900.00, 1100.00, 2, 167200.00, '2024-11-01', 'Belum Lunas'),
(19, 365, 287000.00, 9, 28700.00, 30000.00, 28700.00, 1300.00, 8, 28700.00, '2024-03-21', 'Belum Lunas'),
(20, 298, 196500.00, 10, 0.00, 21000.00, 19650.00, 1350.00, 5, 98250.00, '2024-08-01', 'Belum Lunas'),
(21, 159, 262000.00, 9, 26200.00, 28000.00, 26200.00, 1800.00, 8, 26200.00, '2024-03-26', 'Belum Lunas'),
(22, 159, 295500.00, 9, 29550.00, 31500.00, 29550.00, 1950.00, 6, 88650.00, '2024-06-06', 'Belum Lunas'),
(23, 159, 295500.00, 9, 29550.00, 31500.00, 29550.00, 1950.00, 6, 88650.00, '2024-06-06', 'Belum Lunas'),
(24, 159, 181500.00, 9, 18150.00, 19500.00, 18150.00, 1350.00, 4, 90750.00, '2024-08-13', 'Belum Lunas'),
(25, 159, 374500.00, 9, 37450.00, 39500.00, 37450.00, 2050.00, 2, 262150.00, '2024-09-27', 'Belum Lunas'),
(26, 787, 180180.00, 9, 18018.00, 19500.00, 18018.00, 1482.00, 3, 108108.00, '2024-09-03', 'Belum Lunas'),
(27, 525, 387500.00, 9, 38750.00, 41000.00, 38750.00, 2250.00, 6, 116250.00, '2024-06-05', 'Belum Lunas'),
(28, 525, 240000.00, 9, 24000.00, 25500.00, 24000.00, 1500.00, 5, 96000.00, '2024-07-12', 'Belum Lunas'),
(29, 474, 640000.00, 9, 64000.00, 67500.00, 64000.00, 3500.00, 7, 128000.00, '2024-05-15', 'Belum Lunas'),
(30, 767, 242000.00, 9, 24200.00, 25500.00, 24200.00, 1300.00, 8, 24200.00, '2024-04-02', 'Belum Lunas'),
(31, 541, 266500.00, 9, 26650.00, 28000.00, 26650.00, 1350.00, 2, 186550.00, '2024-10-02', 'Belum Lunas'),
(32, 541, 259500.00, 9, 25950.00, 27500.00, 25950.00, 1550.00, 2, 181650.00, '2024-10-02', 'Belum Lunas'),
(33, 541, 545000.00, 9, 54500.00, 57500.00, 54500.00, 3000.00, 2, 381500.00, '2024-10-03', 'Belum Lunas'),
(34, 225, 550500.00, 9, 55050.00, 58000.00, 55050.00, 2950.00, 3, 330300.00, '2024-09-06', 'Belum Lunas'),
(35, 225, 314500.00, 9, 31450.00, 33500.00, 31450.00, 2050.00, 3, 188700.00, '2024-09-06', 'Belum Lunas'),
(36, 720, 374500.00, 9, 37450.00, 39500.00, 37450.00, 2050.00, 2, 262150.00, '2024-10-01', 'Belum Lunas'),
(37, 720, 346500.00, 9, 34650.00, 36500.00, 34650.00, 1850.00, 2, 242550.00, '2024-10-01', 'Belum Lunas'),
(38, 351, 295500.00, 9, 29550.00, 31500.00, 29550.00, 1950.00, 1, 236400.00, '2024-10-28', 'Belum Lunas'),
(39, 351, 472000.00, 9, 47200.00, 50000.00, 47200.00, 2800.00, 1, 377600.00, '2024-11-08', 'Belum Lunas'),
(40, 657, 301500.00, 9, 30150.00, 32500.00, 30150.00, 2350.00, 4, 150750.00, '2024-08-01', 'Belum Lunas'),
(41, 48, 354500.00, 9, 35450.00, 37500.00, 35450.00, 2050.00, 8, 35450.00, '2024-04-17', 'Belum Lunas'),
(42, 672, 608000.00, 9, 60800.00, 64500.00, 60800.00, 3700.00, 8, 60800.00, '2024-03-21', 'Belum Lunas'),
(43, 717, 390000.00, 9, 39000.00, 41000.00, 39000.00, 2000.00, 4, 195000.00, '2024-07-29', 'Belum Lunas'),
(44, 717, 266500.00, 9, 26650.00, 28000.00, 26650.00, 1350.00, 2, 186550.00, '2024-10-03', 'Belum Lunas'),
(45, 1, 536000.00, 9, 53600.00, 57000.00, 53600.00, 3400.00, 8, 53600.00, '2024-03-26', 'Belum Lunas'),
(46, 1, 235500.00, 9, 23550.00, 25000.00, 23550.00, 1450.00, 5, 94200.00, '2024-06-26', 'Belum Lunas'),
(47, 678, 129750.00, 4, 25950.00, 27500.00, 25950.00, 1550.00, 2, 51900.00, '2024-09-27', 'Belum Lunas'),
(48, 678, 374500.00, 4, 37450.00, 39500.00, 37450.00, 2050.00, 2, 262150.00, '2024-09-27', 'Belum Lunas'),
(49, 239, 864500.00, 9, 86450.00, 91000.00, 86450.00, 4550.00, 2, 605150.00, '2024-10-03', 'Belum Lunas'),
(50, 360, 362500.00, 9, 36250.00, 38000.00, 36250.00, 1750.00, 7, 72500.00, '2024-04-29', 'Belum Lunas'),
(51, 203, 374500.00, 9, 37450.00, 39500.00, 37450.00, 2050.00, 2, 262150.00, '2024-10-09', 'Belum Lunas'),
(52, 744, 1075000.00, 9, 107500.00, 114000.00, 107500.00, 6500.00, 8, 107500.00, '2024-04-02', 'Belum Lunas'),
(53, 744, 390000.00, 9, 39000.00, 41000.00, 39000.00, 2000.00, 4, 195000.00, '2024-07-26', 'Belum Lunas'),
(54, 744, 452500.00, 9, 45250.00, 48000.00, 45250.00, 2750.00, 4, 226250.00, '2024-07-31', 'Belum Lunas'),
(55, 744, 259500.00, 9, 25950.00, 27500.00, 25950.00, 1550.00, 2, 181650.00, '2024-10-01', 'Belum Lunas'),
(56, 744, 394000.00, 9, 39400.00, 41500.00, 39400.00, 2100.00, 2, 275800.00, '2024-10-01', 'Belum Lunas'),
(57, 639, 602500.00, 9, 60250.00, 63500.00, 60250.00, 3250.00, 8, 60250.00, '2024-04-02', 'Belum Lunas'),
(58, 123, 354500.00, 9, 35450.00, 37500.00, 35450.00, 2050.00, 1, 283600.00, '2024-10-24', 'Belum Lunas'),
(59, 465, 472000.00, 9, 47200.00, 50000.00, 47200.00, 2800.00, 8, 47200.00, '2024-03-28', 'Belum Lunas'),
(60, 671, 2240000.00, 9, 224000.00, 235500.00, 224000.00, 11500.00, 9, 0.00, '2024-04-19', 'Lunas'),
(61, 758, 275000.00, 9, 27500.00, 29000.00, 27500.00, 1500.00, 8, 27500.00, '2024-04-30', 'Belum Lunas'),
(62, 758, 236000.00, 9, 23600.00, 25000.00, 23600.00, 1400.00, 7, 47200.00, '2024-05-31', 'Belum Lunas'),
(63, 789, 295000.00, 9, 29500.00, 31000.00, 29500.00, 1500.00, 8, 29500.00, '2024-05-02', 'Belum Lunas'),
(64, 790, 390000.00, 9, 39000.00, 41000.00, 39000.00, 2000.00, 8, 39000.00, '2024-05-02', 'Belum Lunas'),
(65, 790, 590000.00, 9, 59000.00, 62000.00, 59000.00, 3000.00, 8, 59000.00, '2024-05-02', 'Belum Lunas'),
(66, 762, 265000.00, 4, 53000.00, 56000.00, 53000.00, 3000.00, 4, 0.00, '2024-07-05', 'Lunas'),
(67, 762, 129750.00, 4, 25950.00, 27500.00, 25950.00, 1550.00, 2, 51900.00, '2024-10-01', 'Belum Lunas'),
(68, 762, 217000.00, 9, 21700.00, 23000.00, 21700.00, 1300.00, 2, 151900.00, '2024-10-01', 'Belum Lunas'),
(70, 360, 514500.00, 9, 51450.00, 54500.00, 51450.00, 3050.00, 0, 463050.00, '2024-11-29', 'Belum Lunas'),
(71, 744, 531600.00, 9, 53160.00, 56000.00, 53160.00, 2840.00, 0, 478440.00, '2024-12-16', 'Belum Lunas'),
(72, 561, 730800.00, 9, 73080.00, 80000.00, 73080.00, 6920.00, 0, 657720.00, '2024-12-24', 'Belum Lunas'),
(73, 360, 315000.00, 9, 31500.00, 33500.00, 31500.00, 2000.00, 0, 283500.00, '2024-12-30', 'Belum Lunas');

-- --------------------------------------------------------

--
-- Table structure for table `kredit_elektronik`
--

CREATE TABLE `kredit_elektronik` (
  `id` int(11) NOT NULL,
  `id_anggota` int(11) NOT NULL,
  `jumlah_pinjaman` decimal(20,2) DEFAULT NULL,
  `jangka_waktu` int(11) DEFAULT NULL,
  `total_angsuran` decimal(20,2) DEFAULT NULL,
  `pokok` decimal(20,2) DEFAULT NULL,
  `margin` decimal(20,2) DEFAULT NULL,
  `angsuran_ke` int(11) DEFAULT NULL,
  `sisa_piutang` decimal(20,2) DEFAULT NULL,
  `tanggal_mulai` date DEFAULT NULL,
  `ket_status` varchar(100) DEFAULT NULL,
  `margin_persen` decimal(5,5) DEFAULT NULL
) ENGINE=InnoDB DEFAULT CHARSET=utf8mb4 COLLATE=utf8mb4_general_ci;

--
-- Dumping data for table `kredit_elektronik`
--

INSERT INTO `kredit_elektronik` (`id`, `id_anggota`, `jumlah_pinjaman`, `jangka_waktu`, `total_angsuran`, `pokok`, `margin`, `angsuran_ke`, `sisa_piutang`, `tanggal_mulai`, `ket_status`, `margin_persen`) VALUES
(1, 365, 10503350.00, 24, 437640.00, 387292.00, 50348.00, 8, 7002230.00, '2024-03-27', 'Belum Lunas', 0.58333),
(2, 466, 54372500.00, 36, 1510347.00, 1263889.00, 246458.00, 21, 22655213.00, '2023-03-07', 'Belum Lunas', 0.58330),
(3, 733, 19210000.00, 24, 800417.00, 708333.00, 92084.00, 13, 8804579.00, '2023-11-09', 'Belum Lunas', 0.58333);

-- --------------------------------------------------------

--
-- Table structure for table `kredit_motor`
--

CREATE TABLE `kredit_motor` (
  `id` int(11) NOT NULL,
  `id_anggota` int(11) NOT NULL,
  `jumlah_pinjaman` decimal(20,2) DEFAULT NULL,
  `jangka_waktu` int(11) DEFAULT NULL,
  `total_angsuran` decimal(20,2) DEFAULT NULL,
  `pokok` decimal(20,2) DEFAULT NULL,
  `margin` decimal(20,2) DEFAULT NULL,
  `angsuran_ke` int(11) DEFAULT NULL,
  `sisa_piutang` decimal(20,2) DEFAULT NULL,
  `tanggal_mulai` date DEFAULT NULL,
  `ket_status` varchar(100) DEFAULT NULL,
  `margin_persen` decimal(5,5) DEFAULT NULL
) ENGINE=InnoDB DEFAULT CHARSET=utf8mb4 COLLATE=utf8mb4_general_ci;

--
-- Dumping data for table `kredit_motor`
--

INSERT INTO `kredit_motor` (`id`, `id_anggota`, `jumlah_pinjaman`, `jangka_waktu`, `total_angsuran`, `pokok`, `margin`, `angsuran_ke`, `sisa_piutang`, `tanggal_mulai`, `ket_status`, `margin_persen`) VALUES
(1, 299, 17572475.00, 36, 488124.00, 408472.00, 79652.00, 25, 5369375.00, '2022-11-03', 'Belum Lunas', 0.58333),
(2, 673, 13562775.00, 12, 1130231.00, 1061250.00, 68981.00, 3, 10172082.00, '2024-09-06', 'Belum Lunas', 0.58333),
(3, 146, 24162900.00, 36, 671192.00, 561667.00, 109525.00, 1, 23491708.00, '2024-11-08', 'Belum Lunas', 0.58333),
(4, 514, 16415000.00, 36, 544900.00, 455972.00, 88928.00, 33, 1367924.00, '2022-04-05', 'Belum Lunas', 0.58333),
(5, 143, 39188000.00, 36, 1300824.00, 1088556.00, 212268.00, 34, 2177096.00, '2022-03-17', 'Belum Lunas', 0.58333),
(6, 193, 16473075.00, 36, 457585.00, 382917.00, 74668.00, 26, 4575865.00, '2021-10-06', 'Belum Lunas', 0.58333),
(7, 638, 19042325.00, 36, 528953.00, 442639.00, 86314.00, 17, 10050124.00, '2023-06-23', 'Belum Lunas', 0.58333),
(8, 136, 20976518.00, 18, 1165362.00, 1061833.00, 103529.00, 17, 1165364.00, '2023-07-07', 'Belum Lunas', 0.58333),
(9, 628, 21925860.00, 36, 609053.00, 509667.00, 99386.00, 14, 13399118.00, '2023-10-02', 'Belum Lunas', 0.58333),
(10, 746, 25877000.00, 24, 1078208.00, 954167.00, 124041.00, 8, 17251336.00, '2021-06-14', 'Belum Lunas', 0.58333);

-- --------------------------------------------------------

--
-- Table structure for table `kredit_umroh`
--

CREATE TABLE `kredit_umroh` (
  `id` int(11) NOT NULL,
  `id_anggota` int(11) NOT NULL,
  `jumlah_pinjaman` decimal(20,2) DEFAULT NULL,
  `jangka_waktu` int(11) DEFAULT NULL,
  `total_angsuran` decimal(20,2) DEFAULT NULL,
  `pokok` decimal(20,2) DEFAULT NULL,
  `margin` decimal(20,2) DEFAULT NULL,
  `angsuran_ke` int(11) DEFAULT NULL,
  `sisa_piutang` decimal(20,2) DEFAULT NULL,
  `tanggal_mulai` date DEFAULT NULL,
  `ket_status` varchar(100) DEFAULT NULL,
  `margin_persen` decimal(5,5) DEFAULT NULL
) ENGINE=InnoDB DEFAULT CHARSET=utf8mb4 COLLATE=utf8mb4_general_ci;

--
-- Dumping data for table `kredit_umroh`
--

INSERT INTO `kredit_umroh` (`id`, `id_anggota`, `jumlah_pinjaman`, `jangka_waktu`, `total_angsuran`, `pokok`, `margin`, `angsuran_ke`, `sisa_piutang`, `tanggal_mulai`, `ket_status`, `margin_persen`) VALUES
(1, 663, 37950000.00, 60, 838063.00, 632500.00, 205563.00, 25, 22137500.00, '2022-11-11', 'Belum Lunas', 0.58333);

-- --------------------------------------------------------

--
-- Table structure for table `pegawai`
--

CREATE TABLE `pegawai` (
  `nip` varchar(30) NOT NULL,
  `nama` varchar(100) NOT NULL,
  `wilayah` varchar(30) DEFAULT NULL,
  `tipe_pegawai` enum('Biasa','Luar Biasa') NOT NULL DEFAULT 'Biasa'
) ENGINE=InnoDB DEFAULT CHARSET=utf8mb4 COLLATE=utf8mb4_general_ci;

--
-- Dumping data for table `pegawai`
--

INSERT INTO `pegawai` (`nip`, `nama`, `wilayah`, `tipe_pegawai`) VALUES
('19540808 1987011002', 'Yusri Munaf, SH', NULL, 'Biasa'),
('19540926 1983031002', 'Thamrin S, SH, M.Hum', NULL, 'Biasa'),
('19551214 1983012001', 'Ellydar Chaidir, SH, MH, DR, Prof. ', NULL, 'Biasa'),
('19560130 1985022001', 'Sri Indrastuti.S, Dr, Prof', NULL, 'Biasa'),
('19560417 1989031001', 'Hasan Basri Jumin, Ir, Dr, Prof', NULL, 'Biasa'),
('19571010 1986031003', 'Erman Har, Dr, Drs, M.Si', NULL, 'Biasa'),
('19581024 1988031002', 'Syafrani, M.Si, Dr, Prof', NULL, 'Biasa'),
('19590715 1987031003', 'Junaidi, Ir, M.Si, Dr', NULL, 'Biasa'),
('19590910 1986091001', 'Salman M . Noer, Dr, MS', NULL, 'Biasa'),
('19591106 1986021001', 'M.Syukurman, Drs, M.Pd', NULL, 'Biasa'),
('19591204 1986101001', 'Alzabert, Drs, M.Si', NULL, 'Biasa'),
('19591207 1987031004', 'Marsis, Drs, M.Pd', NULL, 'Biasa'),
('19591217 1985031002', 'PN Jefri, Ir, MP', NULL, 'Biasa'),
('19591223 1994121001', 'Mardayulis, SH, M.Si', NULL, 'Biasa'),
('19591231 1990031008', 'Zulkarnaini, Ir, MP, Dr', NULL, 'Biasa'),
('19600120 1987031002', 'Hafrijal Syandri, Ir, MS, Dr, Prof', NULL, 'Biasa'),
('19600121 1986031002', 'Benar Sembiring, Drs', NULL, 'Biasa'),
('19600121 1988031003', 'Almasdi, SE, M.Si', NULL, 'Biasa'),
('19600222 1989032001', 'Adriani Adnani, SH, MH', NULL, 'Biasa'),
('19600314 1991121001', 'Mulyadi, Ir. ', NULL, 'Biasa'),
('19600321 1987032001', 'Yunimar, Dra, SH, MH', NULL, 'Biasa'),
('19600404 1994032001', 'Nurtati, SE, MM', NULL, 'Biasa'),
('19600405 1988111001', 'Abdul Hijar Anwar, SH,  MH', NULL, 'Biasa'),
('19600417 1986031001', 'M.Amri, Ir, MP, Dr, Prof', NULL, 'Biasa'),
('19600427 1985032004', 'Betty Sailun, Dra, M.Ed', NULL, 'Biasa'),
('19600511 1986121001', 'Abdullah Munzir, Dr, Ir. MP ', NULL, 'Biasa'),
('19600531 1990031004', 'B.A Martinus, Drs, Msi', NULL, 'Biasa'),
('19600707 1987031003', 'Zarfinal, SH, MH', NULL, 'Biasa'),
('19600720 1992032001', 'Zahanis, Dr, M.Si', NULL, 'Biasa'),
('19600720 1994031001', 'Afdal, Ir, MT', NULL, 'Biasa'),
('19600813 1990032001', 'Siti Zahra, Ir', NULL, 'Biasa'),
('19600817 1986031004', 'Mas Eriza, Ir, MP', NULL, 'Biasa'),
('19600820 1987022001', 'Sri Mulyani, Ir, MP', NULL, 'Biasa'),
('19600916 1987031004', 'Ristapawa Indra, Drs, M.Pd', NULL, 'Biasa'),
('19601009 1987032003', 'Elvina A.Saibi, Dra, M.Hum', NULL, 'Biasa'),
('19601013 1993081001', 'Rosyadi, Ir. ', NULL, 'Biasa'),
('19601101 1988031005', 'Nofrizal, Drs, MP', NULL, 'Biasa'),
('19601123 1987031006', 'Mafardi, Dr, Drs, M.Pd', NULL, 'Biasa'),
('19601130 1986092001', 'Wennyta, Dra', NULL, 'Biasa'),
('19601218 1989032001', 'Desriana, Dra. ', NULL, 'Biasa'),
('19601228 1991032001', 'Lisa Deswati, Dra, M.Si', NULL, 'Biasa'),
('19601229 1988032002', 'Gusmawetti, Dra, M.Pd', NULL, 'Biasa'),
('19601231 1989031026', 'Muslim, Dr, SH, Drs, M.Pd', NULL, 'Biasa'),
('19610212 1990031002', 'Guntur Marolop S, Drs. ', NULL, 'Biasa'),
('19610327 1986022001', 'Yuhelmi W, Dra, M.Si', NULL, 'Biasa'),
('19610411 1988032003', 'Afrida, Ir, MP', NULL, 'Biasa'),
('19610415 1993021001', 'Erwin Awal, Ir', NULL, 'Biasa'),
('19610628 1989032001', 'Yunita Sabri, Dra, M.Pd', NULL, 'Biasa'),
('19610707 1986031002', 'Jhon Nurifdinsyah, Ir, M.Si', NULL, 'Biasa'),
('19610725 1991031002', 'Drs. Elijonnahdi, M.Si', NULL, 'Biasa'),
('19610801 1987032001', 'Gusnayetti, Dra, MPd', NULL, 'Biasa'),
('19610801 1989101001', 'Bustari Badal, Ir, MP', NULL, 'Biasa'),
('19610828 1988032003', 'Gusnetti, Dra, M.Pd', NULL, 'Biasa'),
('19611007 1987031003', 'M. Nursi, Drs, M.Si', NULL, 'Biasa'),
('19611022 1987031004', 'Syafrizal, Dr,  Ir, MP', NULL, 'Biasa'),
('19611105 1986012002', 'Fitria Kasih, Dra, M.Pd', NULL, 'Biasa'),
('19611202 1989031004', 'John Hendri, Ir, MP, Dr', NULL, 'Biasa'),
('19611204 1991031003', 'Helmi Ali, Ir, MP, ME', NULL, 'Biasa'),
('19611210 1987031004', 'Dewirman Prima Putra, Ir, MP', NULL, 'Biasa'),
('19611214 1987031002', 'Hermawan, Drs, M. Hum', NULL, 'Biasa'),
('19611218 1987031001', 'Raflis, Drs, M.Hum', NULL, 'Biasa'),
('19611220 1989031009', 'Mac Aditiawarman, M.Hum, Dr', NULL, 'Biasa'),
('19611231 1986021002', 'Daharis, Drs. M.Pd', NULL, 'Biasa'),
('19620104 1986032000', 'Mitrayati', NULL, 'Biasa'),
('19620222 1987031007', 'AL, Drs,  MT', NULL, 'Biasa'),
('19620222 1988032001', 'Zuraida Khairani, Dra, M.Si', NULL, 'Biasa'),
('19620301 1991032002', 'Betti Fitriyasti, Dra, Msi', NULL, 'Biasa'),
('19620303 1991121001', 'M.Yahya, Ir, M.Sc, Dr', NULL, 'Biasa'),
('19620323 1990032001', 'Fauzia Zainin, SH, MH', NULL, 'Biasa'),
('19620410 1989032002', 'Iman Laili, Dra, M.Hum', NULL, 'Biasa'),
('19620413 1992032001', 'Neng Susi, Dra. ', NULL, 'Biasa'),
('19620422 1990102001', 'Friza Elinda, Ir, MP', NULL, 'Biasa'),
('19620509 1992032001', 'Rini Nizar, Ir, M.Si', NULL, 'Biasa'),
('19620523 1987032001', 'Niken Nurwanti, Ir', NULL, 'Biasa'),
('19620717 1988032001', 'Fatimah AS, Dra. M.Pd', NULL, 'Biasa'),
('19620806 1987031001', 'Khairul Harha, Drs, M.Sc', NULL, 'Biasa'),
('19620903 1991031003', 'Virgo Trisep Haris, Ir. ', NULL, 'Biasa'),
('19620903 1991032001', 'Septina Elida, Ir, M.Si', NULL, 'Biasa'),
('19620924 1989101001', 'Syahro Ali Akbar, Prof, Dr, Ir, MP ', NULL, 'Biasa'),
('19621021 1994032001', 'Ermawati, ST, MP', NULL, 'Biasa'),
('19621106 1988112001', 'Yunimar,SH, MH', NULL, 'Biasa'),
('19621108 1987032001', 'Yoni Arita Thaher, Ir, MP', NULL, 'Biasa'),
('19621124 1992032002', 'Arnita,Ir, MT', NULL, 'Biasa'),
('19621225 1982102001', 'Evi Hasnita, Dr, S.PD,M.Kes,Ns', NULL, 'Biasa'),
('19630123 1987032002', 'Yulfi Desi, Ir, M.Si', NULL, 'Biasa'),
('19630224 1989031008', 'Iman Hidayat, SH', NULL, 'Biasa'),
('19630302 1993021001', 'Nasril S, Ir, MT', NULL, 'Biasa'),
('19630307 1992031003', 'Khaidir, Ir,  M. Eng', NULL, 'Biasa'),
('19630312 1991122001', 'Sirlyana, Dra. ', NULL, 'Biasa'),
('19630313 1991022001', 'Nursyahra, Dra', NULL, 'Biasa'),
('19630317 1988032001', 'Ineng Naini, Dra, M.Pd', NULL, 'Biasa'),
('19630329 1989032001', 'Resolinda Harly, Ir,MP, Dr', NULL, 'Biasa'),
('19630410 1990032003', 'Yetti Morelent, Dr, Dra, M.Hum', NULL, 'Biasa'),
('19630414 1992032002', 'Ermawati, Ir, MP', NULL, 'Biasa'),
('19630517 1993022001', 'Leli Honesti, Ir, MT', NULL, 'Biasa'),
('19630526 1994031001', 'Zulkarnain, Ir, MT', NULL, 'Biasa'),
('19630607 1991032002', 'Niniwati, Dra, MPd', NULL, 'Biasa'),
('19630611 1991032003', 'Rosmiyati, Dra, M.Pd', NULL, 'Biasa'),
('19630621 1989032001', 'Asmawati, Dra, M.Pd', NULL, 'Biasa'),
('19630706 1990031007', 'Hendrisman, Drs. ', NULL, 'Biasa'),
('19630731 1990032001', 'Sumarni, Dra', NULL, 'Biasa'),
('19630803 1989031003', 'Sunadi,Ir,  MP', NULL, 'Biasa'),
('19630812 1989032001', 'Sarifah Ulfah, Ir, M.Sc', NULL, 'Biasa'),
('19630902 1991121001', 'Asep Neris Bactiar, Ir, M.Si', NULL, 'Biasa'),
('19630921 1991121001', 'Marganof, Dr, M.Si', NULL, 'Biasa'),
('19630927 1990032002', 'Nurhuda, Dra, MPd', NULL, 'Biasa'),
('19630928 1990032001', 'Meita Lefi Kurnia, SH, MH', NULL, 'Biasa'),
('19631002 1989031001', 'Sevindrajuta, Ir, MP', NULL, 'Biasa'),
('19631016 1988112001', 'Sukmareni, SH, MH', NULL, 'Biasa'),
('19631022 1990031001', 'Widodo Haryoko, Ir, MP, Dr', NULL, 'Biasa'),
('19631025 1989032002', 'Ir. Latifah Siswati, MP', NULL, 'Biasa'),
('19631113 1991031003', 'Harman, Drs, M.Pd', NULL, 'Biasa'),
('19631114 1994031001', 'Yuhasnil, Drs, M.Pd', NULL, 'Biasa'),
('19631119 1991032001', 'Chrisnawati, Dr, MP', NULL, 'Biasa'),
('19631128 1994031001', 'Syafrinaldi, SH, MCL, Dr, Prof', NULL, 'Biasa'),
('19631206 1987031002', 'Anrinal, Drs, MT', NULL, 'Biasa'),
('19631215 1990032001', 'Risma Simamora, Dra.', NULL, 'Biasa'),
('19640113 1990011003', 'Jhon Rinaldo, SE, M.Si', NULL, 'Biasa'),
('19640120 1989031004', 'Benni Rusli, SH', NULL, 'Biasa'),
('19640201 1989032003', 'Sari Gando Hidayati, Ir, MP', NULL, 'Biasa'),
('19640204 1993021001', 'Nasamsir, Ir, MP', NULL, 'Biasa'),
('19640221 1989102001', 'Feby Meuthia Yusuf, Dra, M.Pd', NULL, 'Biasa'),
('19640319 1993032003', 'Yumarni, Dra. ', NULL, 'Biasa'),
('19640401 1991032001', 'Yeni Delroza, Dra. ', NULL, 'Biasa'),
('19640404 1990031004', 'Mahmud, Ir, MP', NULL, 'Biasa'),
('19640408 1987032003', 'Adriani, SKp,. M.Kes', NULL, 'Biasa'),
('19640409 1989032001', 'Afdaleni, Dr, Dra, M.Pd', NULL, 'Biasa'),
('19640422 1989032001', 'Elfi Indrawanis, Ir, MM', NULL, 'Biasa'),
('19640509 1990032001', 'Prima Novia, Ir, MP', NULL, 'Biasa'),
('19640524 1992031004', 'Mukhnizar, Ir, MT', NULL, 'Biasa'),
('19640626 1994031004', 'Parjiyana, Drs. ', NULL, 'Biasa'),
('19640627 1992032002', 'Enita, Ir, M.Agr', NULL, 'Biasa'),
('19640713 1993021001', 'Syahrizal, Ir, MP', NULL, 'Biasa'),
('19640807 1991031005', 'Sugeng Wiyono, Ir, MM, Dr, Prof.', NULL, 'Biasa'),
('19640914 1991032001', 'Husna, Dra', NULL, 'Biasa'),
('19641031 1983082001', 'Erlina, Dra, M.Pd', NULL, 'Biasa'),
('19641116 1993032003', 'Elyana Novira, SH', NULL, 'Biasa'),
('19641127 1990032003', 'Novelti, Dra, M. Hum', NULL, 'Biasa'),
('19641203 1990012001', 'Dina Adawiyah, SE, M.Si', NULL, 'Biasa'),
('19641230 1991031004', 'Usmadi, Drs, M.Pd', NULL, 'Biasa'),
('19641231 1990032008', 'Yelfiza, Dra, MPd', NULL, 'Biasa'),
('19641231 1991031041', 'Jasmi, Drs, M.Pd', NULL, 'Biasa'),
('19650210 1991032002', 'Febrina Fitri, SE, M.Si', NULL, 'Biasa'),
('19650213 1990032001', 'Erni, Dra, M.Pd', NULL, 'Biasa'),
('19650226 1990032001', 'Jamilah, Ir, MP, Dr', NULL, 'Biasa'),
('19650325 1991031004', 'M.Zulman Harja Utama, Prof, Dr, MP', NULL, 'Biasa'),
('19650325 1992031001', 'Sainil Amral, Drs. ', NULL, 'Biasa'),
('19650405 1991032002', 'Rahmi, Dra,  M.Si', NULL, 'Biasa'),
('19650409 1991031004', 'Elfis, Dr, M.Si ', NULL, 'Biasa'),
('19650517 1992032001', 'Olin Nita, Dra, M.Pd', NULL, 'Biasa'),
('19650527 1991032002', 'Suryani, M.Si, Dr .', NULL, 'Biasa'),
('19650607 1990031002', 'Pantun, Dr.', NULL, 'Biasa'),
('19650715 1986031000', 'Ali Ratmani, Dr', NULL, 'Biasa'),
('19650719 1990032003', 'Zulfariati, Dra, M.Pd', NULL, 'Biasa'),
('19650812 1991032001', 'Ergusni, Dra, M.Pd', NULL, 'Biasa'),
('19650822 1990032001', 'Ratna Sari Dewi Pohan, Dra, MPd', NULL, 'Biasa'),
('19650822 1992031001', 'Rudi Kusuma,Ir,  MP, Dr', NULL, 'Biasa'),
('19650826 1992032002', 'Renviyeni, Ir, MP', NULL, 'Biasa'),
('19650910 1990032015', 'Lili Hasmi, Dra, M.Pd', NULL, 'Biasa'),
('19650910 1991032001', 'Laspida Harti, Dr, MPd', NULL, 'Biasa'),
('19650910 1992032001', 'Sefnarismen, Dra, M.Pd', NULL, 'Biasa'),
('19650929 1990122001', 'Kurniati Karim, SE, M.Si', NULL, 'Biasa'),
('19651005 1991031006', 'Sudirman SY, Drs', NULL, 'Biasa'),
('19651110 1991032002', 'Fidiriani Sjaaf, Dra, M.Si', NULL, 'Biasa'),
('19651127 1991031003', 'Hayata, Drs, MP', NULL, 'Biasa'),
('19660103 1991121001', 'Eka Trio Effandilus, Drs. ', NULL, 'Biasa'),
('19660302 1992032000', 'Harisnawati, Dra,  M.Pd', NULL, 'Biasa'),
('19660304 1992012001', 'Elfa Eriyani, Dra', NULL, 'Biasa'),
('19660304 1994022002', 'Dra.Caterina Lo, M.Pd', NULL, 'Biasa'),
('19660327 1991011001', 'Ansofino, Dr, M.Si', NULL, 'Biasa'),
('19660410 1991012001', 'Zusmelia, Dr, M.Si ', NULL, 'Biasa'),
('19660427 1993021001', 'Syamsuwirman,Ir,  MP', NULL, 'Biasa'),
('19660505 1993031002', 'Arif Rahim, Drs, M. Pd', NULL, 'Biasa'),
('19660507 1994031004', 'Sumijan, Ir, Dr', NULL, 'Biasa'),
('19660603 1989031004', 'Triadi, SH, MH', NULL, 'Biasa'),
('19660604 1992032003', 'Helmayuni, Ir, MP', NULL, 'Biasa'),
('19660605 1993031007', 'Sudirman, Dr, M.Pd', NULL, 'Biasa'),
('19660727 1994031002', 'Ruslan Ismail, S.Sos,M.Si', NULL, 'Biasa'),
('19660816 1991021001', 'Nurdin, SKM, MPH', NULL, 'Biasa'),
('19660820 1994031003', 'M. Amrin Lubis, Ir, M.Sc', NULL, 'Biasa'),
('19660912 1997012001', 'Yass Andria', NULL, 'Biasa'),
('19661103 1994031004', 'Tarma, M.Si, Drs', NULL, 'Biasa'),
('19661209 1993032002', 'Nita Yesirita, Ir, MP', NULL, 'Biasa'),
('19670105 2000032001', 'Tri Irfa Indrayani,  Dr, M.Pd', NULL, 'Biasa'),
('19670106 1989032001', 'Yusnaena, S. Sos, MM', NULL, 'Biasa'),
('19670117 1997031002', 'F. Yasmeardi, S.Sos, MM', NULL, 'Biasa'),
('19670202 1994031003', 'Khairuddin, Drs', NULL, 'Biasa'),
('19670212 1992031001', 'Fikri Rusli, SE, MH', NULL, 'Biasa'),
('19670215 1989031001', 'Syahril, SE, MM', NULL, 'Biasa'),
('19670415 1993022001', 'Diana Kartika, Dr', NULL, 'Biasa'),
('19670612 1993021002', 'Nurhadi, Drs, M.Si', NULL, 'Biasa'),
('19670630 1989031002', 'Zamri, S.Sos, MH', NULL, 'Biasa'),
('19670715 1992032002', 'Leli Refnita, Dra', NULL, 'Biasa'),
('19670727 2005011002', 'Zulkarnain S, SH', NULL, 'Biasa'),
('19670730 1993032003', 'Rahmawati,Ir, MP', NULL, 'Biasa'),
('19670808 1994032001', 'Uning Pratimaratri, Dr', NULL, 'Biasa'),
('19670816 1995121001', 'Gusmaizal Syandri, Drs, M.Pd', NULL, 'Biasa'),
('19670818 1993032004', 'Suhartini, A.Md', NULL, 'Biasa'),
('19670822 1993032002', 'Gusriati, Ir, M.Si', NULL, 'Biasa'),
('19670823 1991032001', 'Ely Susanti ,SE', NULL, 'Biasa'),
('19670829 1992032001', 'Yendrita, Dra', NULL, 'Biasa'),
('19670916 1992032001', 'Renny Risdawati, Dra, M.Si', NULL, 'Biasa'),
('19670916 1993031001', 'Rayuni Rauf, Drs', NULL, 'Biasa'),
('19671024 1993021001', 'Syahrul, Ir, M.Sc', NULL, 'Biasa'),
('19671117 1994031004', 'Yusrizal, Dr, M.Pd ', NULL, 'Biasa'),
('19671204 1991031002', 'Dodi, SH', NULL, 'Biasa'),
('19671231 1992032004', 'Ezi Diana Fitri, SE', NULL, 'Biasa'),
('19680112 1994032002', 'Nida Kemala, Ir', NULL, 'Biasa'),
('19680125 1991032001', 'Tetri Aida, SE, MM', NULL, 'Biasa'),
('19680126 1991032001', 'Rismayenti', NULL, 'Biasa'),
('19680126 1994032003', 'Zaiyar, S.Si', NULL, 'Biasa'),
('19680126 1994032004', 'Ridawati Marpaung, Ir', NULL, 'Biasa'),
('19680223 2007012001', 'Murniati, SE', NULL, 'Biasa'),
('19680226 1994032000', 'Lelfita, S.Pd, M.Pd', NULL, 'Biasa'),
('19680320 1991031003', 'Sirjon, S.Sos', NULL, 'Biasa'),
('19680324 1991121001', 'Zulmardi, Drs, M.Si', NULL, 'Biasa'),
('19680410 1994031004', 'Salfadri, Dr, SE, M.Si', NULL, 'Biasa'),
('19680530 1993032002', 'Ernita, S.Kom', NULL, 'Biasa'),
('19680609 2007011002', 'Syahril, SH, MH', NULL, 'Biasa'),
('19680613 1994031002', 'Suhendra, ST', NULL, 'Biasa'),
('19680702 1993032002', 'Zasmeli Suhaemi, Ir, MP', NULL, 'Biasa'),
('19680708 1992031001', 'Rida Erizal', NULL, 'Biasa'),
('19680722 1994031004', 'I Ketut Budaraga, Dr, Ir, M.Si', NULL, 'Biasa'),
('19680805 1993032008', 'Sarbaitinil, S.Pd, M.Pd', NULL, 'Biasa'),
('19680916 1994032003', 'Iyah Faniyah, SH', NULL, 'Biasa'),
('19680919 1994032002', 'Aimifrina, Dra, M.Hum', NULL, 'Biasa'),
('19681105 1993032004', 'Teti Chandrayanti, Ir, MB', NULL, 'Biasa'),
('19681120 1998031005', 'Edrizal, Drg, Sp.Ort', NULL, 'Biasa'),
('19681126 1995031001', 'Andri Yunaldi, S.Kom, M.Kom', NULL, 'Biasa'),
('19681213 1994032003', 'Yuza Desfitri, Ir, MP', NULL, 'Biasa'),
('19681219 1994032002', 'Rita Desfitri, Dra, M.Sc', NULL, 'Biasa'),
('19681226 1993032002', 'Ir. Inawati Sidabalok, M.Si', NULL, 'Biasa'),
('19690120 1994031002', 'Suparno, Ir, Dr', NULL, 'Biasa'),
('19690120 1994031003', 'Otong Rosadi, SH, MH', NULL, 'Biasa'),
('19690121 1994031002', 'Sumartono, Drs, M.Si', NULL, 'Biasa'),
('19690424 1993032001', 'Utmi Arma, drg, MD.Sc', NULL, 'Biasa'),
('19690424 1994031001', 'Anto Ariyanto, SH', NULL, 'Biasa'),
('19690521 1994032001', 'Rina Asmeri, SE, M.Si', NULL, 'Biasa'),
('19690628 1995011001', 'Enjoni, Dr, SP. MP', NULL, 'Biasa'),
('19690630 1994032003', 'Lucy Chairoel, SE, M.Si', NULL, 'Biasa'),
('19690720 1994031001', 'Adhi Wibowo, SH, MH', NULL, 'Biasa'),
('19690728 1994032002', 'Listiana Sri Mulatsih, SE', NULL, 'Biasa'),
('19690808 1991031002', 'Gusri, SE', NULL, 'Biasa'),
('19690824 1991122001', 'Adek Irma, SH', NULL, 'Biasa'),
('19690926 1994032001', 'Nurul Huda, SE', NULL, 'Biasa'),
('19691021 1994032004', 'Dian Rianita , Dra, MA', NULL, 'Biasa'),
('19691127 1994121001', 'Rusdisal Rusmi, Drs, M.Si', NULL, 'Biasa'),
('19691226 2005011007', 'Husni, dr', NULL, 'Biasa'),
('19691227 2005011002', 'Burmawi, ST, M.Si', NULL, 'Biasa'),
('19700105 2005012002', 'Machdalena, S.Kom', NULL, 'Biasa'),
('19700128 2005011001', 'Siswoyo, SE', NULL, 'Biasa'),
('19700209 1994032001', 'Erni Febrina Harahap, SE, M.Si, Dr', NULL, 'Biasa'),
('19700224 2005011001', 'Suardinata, S.Kom', NULL, 'Biasa'),
('19700308 1991031001', 'Reri Anton, ST, MM', NULL, 'Biasa'),
('19700530 2005011001', 'Yendri Nazir, S.Sos', NULL, 'Biasa'),
('19700801 1998022001', 'Nurhatisyah, ST, SST, M.Kom', NULL, 'Biasa'),
('19700813 1992031003', 'Taufik, S.Sos', NULL, 'Biasa'),
('19700919 2014091000', 'Yondri', NULL, 'Biasa'),
('19701015 1998022001', 'Oktavia Dewi', NULL, 'Biasa'),
('19701028 1994031004', 'Rudi Hartawan, SP, MP', NULL, 'Biasa'),
('19701205 1992032000', 'Afdalisma', NULL, 'Biasa'),
('19710124 1998021001', 'M. Ali Basroh, S.Pd, M.Pd', NULL, 'Biasa'),
('19710819 1992031001', 'Gus Andri, SE, MM', NULL, 'Biasa'),
('19711015 1994032002', 'Sri Rezeki, S.Pd', NULL, 'Biasa'),
('19711231 1995031002', 'Nazili, ST,MT, Dr', NULL, 'Biasa'),
('19720321 2005011003', 'Heri Mulyono, S.Kom, M.Pd', NULL, 'Biasa'),
('19720323 2005012001', 'Renita Astri, S.Kom, M.Sc', NULL, 'Biasa'),
('19720423 2005012003', 'Dhona Afriza, Drg. ', NULL, 'Biasa'),
('19720622 1994031002', 'Rukman Wijaya, SE', NULL, 'Biasa'),
('19720629 2005012001', 'Mitra, S.KM, MKM', NULL, 'Biasa'),
('19720724 2005012001', 'Yulia Setiani, ST', NULL, 'Biasa'),
('19720814 2005012002', 'Linda Wati, SE, M.Si', NULL, 'Biasa'),
('19720815 200511002', 'Firdaus AR, SE', NULL, 'Biasa'),
('19721215 2005011001', 'Torkis Nasution, S.Kom', NULL, 'Biasa'),
('19730117 2005012002', 'Isna Asyri Syahrina, S.Psi ', NULL, 'Biasa'),
('19730303 2005012002', 'Sri Restu Ningsih, S.Kom', NULL, 'Biasa'),
('19730509 2008032002', 'Anita', NULL, 'Biasa'),
('19730708 2005011003', 'Aswir Premadi, ST', NULL, 'Biasa'),
('19730917 2005012001', 'Seflidiana Roza, SE, MM', NULL, 'Biasa'),
('19731007 2005012001', 'Gusmulyani, ST', NULL, 'Biasa'),
('19731123 2005011003', 'Nova Arikhman, SKM, M.Kes', NULL, 'Biasa'),
('19740127 2005011001', 'Budi Mulyadi, M.Kep, Ns.Sp.Kep.Kom', NULL, 'Biasa'),
('19740130 2005012001', 'Fitriati, SH. MH, Dr', NULL, 'Biasa'),
('19740220 2005011001', 'Mirza Zoni, ST', NULL, 'Biasa'),
('19740529 2006042000', 'Rika Amran, dr, MARS ', NULL, 'Biasa'),
('19741210 2005012002', 'Anne Putri, Dr, SE, Ak, M.Si', NULL, 'Biasa'),
('19750130 200512001', 'Emi Handrina, S.Sos, M.Si', NULL, 'Biasa'),
('19750302 2009031000', 'Bambang Edison', NULL, 'Biasa'),
('19750702 2005012001', 'Tri Astuti, Dr, S.Pt, MP', NULL, 'Biasa'),
('19750917 2002121000', 'Rahman, SH', NULL, 'Biasa'),
('19750928 2005012001', 'Fitria Rahmi, SE. M.Si, Ak', NULL, 'Biasa'),
('19751003 2005011002', 'Syukrial, SE', NULL, 'Biasa'),
('19751028 2005012001', 'Sri Oktarina, S.KM', NULL, 'Biasa'),
('19751127 2005012002', 'Gressy Novita, S.Si, Apt', NULL, 'Biasa'),
('19760207 2005012002', 'Rahmawati, S.Kep,Ns', NULL, 'Biasa'),
('19760328 2003122002', 'Salmiyati', NULL, 'Biasa'),
('19760512 2005012002', 'Yenni, M. Kep,.Ns.Sp.Kep,.Kom', NULL, 'Biasa'),
('19760910 2009032004', 'Welven Aida, S.Pd, M.Pd', NULL, 'Biasa'),
('19761011 2005012003', 'Fitrina Harmaini, S.S', NULL, 'Biasa'),
('19761221 2005011001', 'Amuharnis, S.Kom, M.Kom', NULL, 'Biasa'),
('19770114 2005012002', 'Fredia Heppy, dr', NULL, 'Biasa'),
('19770120 2014091002', 'Al Irsyad', NULL, 'Biasa'),
('19770327 2005012002', 'Hendrawati, S.Kep', NULL, 'Biasa'),
('19770413 2005012017', 'Veronika, ST', NULL, 'Biasa'),
('19771209 2005011003', 'Heru Aulia Azman', NULL, 'Biasa'),
('19771228 2010122002', 'Ratna Yimmi Lasmini, S.Kom', NULL, 'Biasa'),
('19780123 2005012001', 'Hera Dwi Triani, S.Pt', NULL, 'Biasa'),
('19780214 2005012004', 'Wetri Febrina, ST', NULL, 'Biasa'),
('19780225 2005012002', 'Donna Ikranova Febrina, S.Sos ', NULL, 'Biasa'),
('19780422 2009122001', 'Ermiza, S.Sit', NULL, 'Biasa'),
('19780503 2005012003', 'Eri Suryadi', NULL, 'Biasa'),
('19780525 2024212008', 'Mona Elsyah', NULL, 'Biasa'),
('19780818 2005011002', 'Asmara Yanto, ST', NULL, 'Biasa'),
('19780910 2005011002', 'Rahmat, ST, MT', NULL, 'Biasa'),
('19781009 2005011002', 'Ahmad Hidayat, S.Psi', NULL, 'Biasa'),
('19781017 2010121002', 'Henri Ilham Caniago, A.Md', NULL, 'Biasa'),
('19781104 2005012002', 'Iswenti Novera', NULL, 'Biasa'),
('19790113 2005012002', 'Nino Sri Purnama Yanti, SE, Akt', NULL, 'Biasa'),
('19790115 2005012003', 'Dwi Harinitha, ST', NULL, 'Biasa'),
('19790607 2010042001', 'Sunarti', NULL, 'Biasa'),
('19791209 2009031002', 'Adril Donal, M.Pd', NULL, 'Biasa'),
('19800303 2005012002', 'Layla Hafni, SE', NULL, 'Biasa'),
('19800520 2008121002', 'Budhi NK, S.Si', NULL, 'Biasa'),
('19800627 2005012002', 'Jasrida Yunita, S.KM, MKM', NULL, 'Biasa'),
('19801229 2010012008', 'Wilda Nurhayati, S.Pd, MM', NULL, 'Biasa'),
('19810207 2005012001', 'Verawati, S.Farm, Apt', NULL, 'Biasa'),
('19810531 2024211005', 'Efriwel Dendi', NULL, 'Biasa'),
('19810702 2005012002', 'Devi Dianti', NULL, 'Biasa'),
('19810816 2005012004', 'Herda Gusvita, SP, MP', NULL, 'Biasa'),
('19810914 2010121003', 'Wandi, S.Kom', NULL, 'Biasa'),
('19811025 2010121002', 'Putra Heriyadi, A.Md', NULL, 'Biasa'),
('19811111 2005012003', 'Nofrika Sari, SS', NULL, 'Biasa'),
('19811203 2009031001', 'Rivi Antoni, S.Pd,M.Pd', NULL, 'Biasa'),
('19820207 2005012003', 'Helda Yenni', NULL, 'Biasa'),
('19820207 2005012004', 'Erina Masri, S.KM', NULL, 'Biasa'),
('19820424 2009031004', 'Hardianto, S.Pd, M.Pd', NULL, 'Biasa'),
('19820512 2005011003', 'Yani Maidelwita, SKM, MKM', NULL, 'Biasa'),
('19820627 2005012001', 'Suryati, S.Kep', NULL, 'Biasa'),
('19820703 2005012001', 'Putri Dafriani, S.Kep', NULL, 'Biasa'),
('19820926 2008122002', 'Rahmi, SE', NULL, 'Biasa'),
('19821010 2008122002', 'Zulhidayati', NULL, 'Biasa'),
('19830808 2010121003', 'Haris Roberto, S.Ikom', NULL, 'Biasa'),
('19830810 2010122002 ', 'Ari Mega Suryani, A.Md', NULL, 'Biasa'),
('19830827 2015042001', 'Veni Dayu Putri', NULL, 'Biasa'),
('19840616 2015042001', 'Rini Yunita, S.Si, M.Sc', NULL, 'Biasa'),
('19840624 2015042002', 'Yessy Yusnita, S.Si, M.Si', NULL, 'Biasa'),
('19840929 2015042003', 'Amelia Amir', NULL, 'Biasa'),
('19850430 2010121002', 'Hamdani, S.Kom', NULL, 'Biasa'),
('19850628 2015042003', 'Sari Puspita, S.SI, M.SI', NULL, 'Biasa'),
('19860131 2009032002', 'Pipit Rahayun S.Pd, M.Pd', NULL, 'Biasa'),
('19860227 2024211014', 'Syamsul Bahri', NULL, 'Biasa'),
('19860512 2024211023', 'Hendri Dunan', NULL, 'Biasa'),
('19860524 2010122008', 'Suci Rahmadani, A.Md', NULL, 'Biasa'),
('19860529 1991032001', 'Mefa Indriati, Dra. ', NULL, 'Biasa'),
('19860701 2015042001', 'Tuti Handayani,S.SI, M.SI ', NULL, 'Biasa'),
('19860716 2010122001', 'Fauzia Husna, S.Farm', NULL, 'Biasa'),
('19860808 2009122003', 'Cory Masyithah,  SE', NULL, 'Biasa'),
('19860812 2010122006', 'Nurhayati', NULL, 'Biasa'),
('19860820 2015042002', 'Merina Pratiwi', NULL, 'Biasa'),
('19860831 2015042002', 'Widdya Rahmalina, S.Si, M.Si', NULL, 'Biasa'),
('19861014 2009121003', 'Albert Oktavian, A.Md', NULL, 'Biasa'),
('19870411 2022031001', 'Urip Rahmanda', NULL, 'Biasa'),
('19870503 2022031003', 'Mukhlis', NULL, 'Biasa'),
('19870730 2015042004', 'Sagita Charolina Sihombing', NULL, 'Biasa'),
('19870802 2015042000', 'Gusliani Eka Putri,S.SI, M.SI', NULL, 'Biasa'),
('19880222 2015042001', 'Antik Estika Hader, S.SI, M.SI', NULL, 'Biasa'),
('19880225 2015041002', 'Jerry Citra', NULL, 'Biasa'),
('19880328 2019032015', 'Setriamela Marissa', NULL, 'Biasa'),
('19880329 2015042000', 'Ariyetti, S.SI, M.SI', NULL, 'Biasa'),
('19880811 2010122006', 'Adelia Pramita Sari, SE, M.Si', NULL, 'Biasa'),
('19890403 2019031014', 'Afrizal', NULL, 'Biasa'),
('19890518 2015041003', 'Ori Adrian, S.Kom', NULL, 'Biasa'),
('19890605 2024211029', 'Roni Kurniawan', NULL, 'Biasa'),
('19890614 2015042003', 'Rina Wahyuni, S.I.Kom', NULL, 'Biasa'),
('19890814 2010122001', 'Agnes Fitriani Sidabutar, A.Md', NULL, 'Biasa'),
('19891031 2015042002', 'Putri Prima Yulda, S.Hum', NULL, 'Biasa'),
('19891127 2015042001', 'Novrianti', NULL, 'Biasa'),
('19910112 2015042002', 'Andika Persia ,S.I.kom', NULL, 'Biasa'),
('19910507 2015041002', 'Kasreno Ofet Mei, S.IP', NULL, 'Biasa'),
('19930321 2022031005', 'Ridwan Fadlil', NULL, 'Biasa'),
('19950129 2022032012', 'Kasih Citra Purnama', NULL, 'Biasa'),
('19951102 2022032007', 'Yolanda Noveliza', NULL, 'Biasa'),
('19960106 2022032013', 'Sabila Khaira', NULL, 'Biasa'),
('19960710 2024212047', 'Cesmi Aulia', NULL, 'Biasa'),
('19980503 2022032016', 'Vinny Putri Alda', NULL, 'Biasa'),
('19981020 2022032014', 'Nurhayana Thoybah', NULL, 'Biasa'),
('19990307 2024212024', 'Nike Wahyuni', NULL, 'Biasa'),
('19990727 2022032014', 'Orintia Juwenti', NULL, 'Biasa'),
('19991208 2022031003', 'Rezi Desfonta', NULL, 'Biasa'),
('20000617 2024212010', 'Saras Dheatri', NULL, 'Biasa'),
('Aggy Pramana Gusman', 'Aggy Pramana Gusman', NULL, 'Luar Biasa'),
('Alya Mishdal Rini', 'Alya Mishdal Rini', NULL, 'Luar Biasa'),
('Chairani', 'Chairani', NULL, 'Luar Biasa'),
('Dedet Wahyudi', 'Dedet Wahyudi', NULL, 'Luar Biasa'),
('Delfi', 'Delfi', NULL, 'Luar Biasa'),
('Devani Wulandari', 'Devani Wulandari', NULL, 'Luar Biasa'),
('Dewi Yudiana Shinta', 'Dewi Yudiana Shinta', NULL, 'Luar Biasa'),
('Endang Suriani', 'Endang Suriani', NULL, 'Luar Biasa'),
('Febrisoni', 'Febrisoni', NULL, 'Luar Biasa'),
('Feriadi Eka Putra', 'Feriadi Eka Putra', NULL, 'Luar Biasa'),
('Hefrizal', 'Hefrizal', NULL, 'Luar Biasa'),
('Ikhwan Resmala Sudji', 'Ikhwan Resmala Sudji', NULL, 'Luar Biasa'),
('Irma Ermansyah', 'Irma Ermansyah', NULL, 'Luar Biasa'),
('Nofisah Darma', 'Nofisah Darma', NULL, 'Luar Biasa'),
('Nova Mustika', 'Nova Mustika', NULL, 'Luar Biasa'),
('Rabbayani, SE', 'Rabbayani, SE', NULL, 'Luar Biasa'),
('Riski Andri Anto', 'Riski Andri Anto', NULL, 'Luar Biasa'),
('Suparman Khan, Drs, M.Hum', 'Suparman Khan, Drs, M.Hum', NULL, 'Biasa'),
('Wahyu Ardi Putra', 'Wahyu Ardi Putra', NULL, 'Luar Biasa'),
('Willy Lisafriyadi', 'Willy Lisafriyadi', NULL, 'Luar Biasa');

-- --------------------------------------------------------

--
-- Table structure for table `pembayaran`
--

CREATE TABLE `pembayaran` (
  `id` int(11) NOT NULL,
  `id_kredit_barang` int(11) DEFAULT NULL,
  `id_kredit_motor` int(11) DEFAULT NULL,
  `id_kredit_elektronik` int(11) DEFAULT NULL,
  `id_kredit_umroh` int(11) DEFAULT NULL,
  `id_pinjaman` int(11) DEFAULT NULL,
  `tanggal_bayar` date DEFAULT NULL,
  `angsuran_ke` int(11) DEFAULT NULL,
  `jumlah_bayar` decimal(20,2) NOT NULL,
  `ket` varchar(255) DEFAULT NULL
) ENGINE=InnoDB DEFAULT CHARSET=utf8mb4 COLLATE=utf8mb4_general_ci;

-- --------------------------------------------------------

--
-- Table structure for table `pinjaman`
--

CREATE TABLE `pinjaman` (
  `id` int(11) NOT NULL,
  `id_anggota` int(11) NOT NULL,
  `kategori` enum('jangka panjang','jangka pendek') DEFAULT NULL,
  `jumlah_pinjaman` decimal(20,2) DEFAULT NULL,
  `jangka_waktu` int(11) DEFAULT NULL,
  `margin_persen` decimal(5,5) DEFAULT NULL,
  `angsuran_pokok` decimal(20,2) DEFAULT NULL,
  `margin_per_bulan` decimal(20,2) DEFAULT NULL,
  `total_angsuran` decimal(20,2) DEFAULT NULL,
  `sisa_piutang` decimal(20,2) DEFAULT NULL,
  `tanggal_perjanjian` date DEFAULT NULL,
  `ket_status` varchar(100) DEFAULT 'Belum Lunas',
  `angsuran_ke` int(11) DEFAULT 0
) ENGINE=InnoDB DEFAULT CHARSET=utf8mb4 COLLATE=utf8mb4_general_ci;

--
-- Dumping data for table `pinjaman`
--

INSERT INTO `pinjaman` (`id`, `id_anggota`, `kategori`, `jumlah_pinjaman`, `jangka_waktu`, `margin_persen`, `angsuran_pokok`, `margin_per_bulan`, `total_angsuran`, `sisa_piutang`, `tanggal_perjanjian`, `ket_status`, `angsuran_ke`) VALUES
(1, 205, 'jangka panjang', 30000000.00, 36, 0.58333, 833333.00, 175017.00, 1008350.00, 2500011.00, '2022-03-07', 'Belum Lunas', 33),
(2, 205, 'jangka pendek', 6000000.00, 6, 0.58333, 1000000.00, 35000.00, 1035000.00, 4000000.00, '2024-10-09', 'Belum Lunas', 2),
(3, 152, 'jangka panjang', 80000000.00, 36, 0.58333, 2222222.00, 466667.00, 2688889.00, 35555560.00, '2023-03-24', 'Belum Lunas', 20),
(4, 673, 'jangka panjang', 100000000.00, 60, 0.58333, 1666667.00, 583333.00, 2250000.00, 93333332.00, '2024-08-06', 'Belum Lunas', 4),
(5, 299, 'jangka panjang', 15000000.00, 36, 0.58333, 416667.00, 87500.00, 504167.00, 13749999.00, '2024-09-05', 'Belum Lunas', 3),
(6, 757, 'jangka panjang', 20000000.00, 24, 0.58333, 833333.00, 116667.00, 950000.00, 17500001.00, '2024-09-11', 'Belum Lunas', 3),
(7, 90, 'jangka panjang', 20000000.00, 36, 0.58333, 555556.00, 116666.00, 672222.00, 8333324.00, '2023-03-03', 'Belum Lunas', 21),
(8, 521, 'jangka panjang', 25000000.00, 36, 0.58333, 694444.00, 145856.00, 840300.00, 0.00, '2021-12-08', 'Lunas', 36),
(9, 56, 'jangka panjang', 120000000.00, 60, 0.58333, 2000000.00, 700000.00, 2700000.00, 96000000.00, '2023-12-04', 'Belum Lunas', 12),
(10, 679, 'jangka panjang', 35000000.00, 24, 0.58333, 1458333.00, 204167.00, 1662500.00, 24791669.00, '2024-05-03', 'Belum Lunas', 7),
(11, 643, 'jangka panjang', 150000000.00, 60, 0.58333, 2500000.00, 875000.00, 3375000.00, 130000000.00, '2024-04-03', 'Belum Lunas', 8),
(12, 561, 'jangka panjang', 70000000.00, 60, 0.58333, 1166667.00, 408333.00, 1575000.00, 60666664.00, '2024-04-02', 'Belum Lunas', 8),
(13, 667, 'jangka panjang', 50000000.00, 60, 0.58333, 833333.00, 291667.00, 1125000.00, 43333336.00, '2024-08-06', 'Belum Lunas', 8),
(15, 763, 'jangka panjang', 60000000.00, 60, 0.58333, 1000000.00, 350000.00, 1350000.00, 55000000.00, '2024-07-15', 'Belum Lunas', 5),
(16, 629, 'jangka panjang', 45000000.00, 60, 0.58333, 750000.00, 262500.00, 1012500.00, 39000000.00, '2024-04-19', 'Belum Lunas', 8),
(17, 555, 'jangka panjang', 10000000.00, 60, 0.58333, 166667.00, 58333.00, 225000.00, 5166657.00, '2022-07-12', 'Belum Lunas', 29),
(18, 507, 'jangka panjang', 65000000.00, 36, 0.58333, 1805556.00, 379194.00, 2184750.00, 0.00, '2022-04-06', 'Lunas', 32),
(19, 449, 'jangka panjang', 100000000.00, 48, 0.58333, 2083333.00, 583334.00, 2666667.00, 79166670.00, '2024-02-05', 'Belum Lunas', 10),
(20, 608, 'jangka panjang', 50000000.00, 36, 0.58333, 1388889.00, 291667.00, 1680556.00, 38888888.00, '2024-04-19', 'Belum Lunas', 8),
(21, 761, 'jangka panjang', 150000000.00, 60, 0.58333, 2500000.00, 875000.00, 3375000.00, 102500000.00, '2023-05-12', 'Belum Lunas', 19),
(22, 670, 'jangka panjang', 109000000.00, 60, 0.58333, 1816700.00, 817500.00, 2634200.00, 18165000.00, '2020-10-20', 'Belum Lunas', 50),
(23, 699, 'jangka panjang', 100000000.00, 60, 0.58333, 1666667.00, 583333.00, 2250000.00, 31666653.00, '2021-07-06', 'Belum Lunas', 41),
(24, 97, 'jangka panjang', 150000000.00, 48, 0.58333, 3125000.00, 875000.00, 4000000.00, 59375000.00, '2022-07-05', 'Belum Lunas', 29),
(25, 96, 'jangka panjang', 15000000.00, 36, 0.58333, 416667.00, 87500.00, 504167.00, 3333324.00, '2022-07-06', 'Belum Lunas', 28),
(26, 603, 'jangka panjang', 50000000.00, 60, 0.58333, 833333.00, 291667.00, 1125000.00, 49166667.00, '2024-11-12', 'Belum Lunas', 1),
(27, 202, 'jangka panjang', 20000000.00, 60, 0.58333, 333350.00, 150000.00, 483350.00, 2999150.00, '2020-09-01', 'Belum Lunas', 51),
(28, 609, 'jangka panjang', 86000000.00, 60, 0.58333, 1433333.00, 501667.00, 1935000.00, 67366671.00, '2023-11-03', 'Belum Lunas', 13),
(29, 609, 'jangka panjang', 5000000.00, 12, 0.58333, 416667.00, 29166.00, 445833.00, 0.00, '2023-12-08', 'Lunas', 12),
(30, 793, 'jangka panjang', 55000000.00, 48, 0.58333, 1145833.00, 320834.00, 1466667.00, 50416668.00, '2024-08-02', 'Belum Lunas', 4),
(31, 411, 'jangka panjang', 31000000.00, 48, 0.58333, 645833.00, 180834.00, 826667.00, 26479169.00, '2024-04-05', 'Belum Lunas', 7),
(33, 160, 'jangka panjang', 100000000.00, 36, 0.58333, 2777778.00, 583333.00, 3361111.00, 19444438.00, '2022-07-06', 'Belum Lunas', 29),
(34, 600, 'jangka panjang', 15000000.00, 48, 0.58333, 312500.00, 87500.00, 400000.00, 1875000.00, '2021-06-21', 'Belum Lunas', 42),
(35, 375, 'jangka panjang', 35000000.00, 60, 0.58333, 583333.00, 204167.00, 787500.00, 30916669.00, '2024-04-25', 'Belum Lunas', 7),
(36, 632, 'jangka panjang', 30000000.00, 60, 0.58333, 500000.00, 175000.00, 675000.00, 12500000.00, '2022-01-10', 'Belum Lunas', 35),
(37, 698, 'jangka panjang', 85000000.00, 60, 0.58333, 1416667.00, 495833.00, 1912500.00, 79333332.00, '2024-08-02', 'Belum Lunas', 4),
(38, 146, 'jangka panjang', 10000000.00, 12, 0.58333, 833333.00, 58334.00, 891667.00, 4166669.00, '2024-05-07', 'Belum Lunas', 7),
(39, 376, 'jangka panjang', 110000000.00, 60, 0.58333, 1833333.00, 641667.00, 2475000.00, 82500005.00, '2023-09-18', 'Belum Lunas', 15),
(40, 376, 'jangka panjang', 5000000.00, 12, 0.58333, 416667.00, 29166.00, 445833.00, 833330.00, '2024-02-07', 'Belum Lunas', 10),
(41, 260, 'jangka panjang', 150000000.00, 60, 0.58333, 2500000.00, 875000.00, 3375000.00, 42500000.00, '2021-05-05', 'Belum Lunas', 43),
(42, 435, 'jangka panjang', 50000000.00, 36, 0.58333, 1388889.00, 291667.00, 1680556.00, 23611109.00, '2023-05-12', 'Belum Lunas', 19),
(43, 433, 'jangka panjang', 14000000.00, 36, 0.58333, 388889.00, 81667.00, 470556.00, 7777776.00, '2023-07-28', 'Belum Lunas', 16),
(44, 684, 'jangka panjang', 25000000.00, 48, 0.58333, 520833.00, 145834.00, 666667.00, 14062507.00, '2023-03-15', 'Belum Lunas', 21),
(45, 155, 'jangka panjang', 50000000.00, 48, 0.58333, 1041667.00, 291683.00, 1333350.00, 11458321.00, '2021-11-24', 'Belum Lunas', 37),
(46, 407, 'jangka panjang', 30000000.00, 36, 0.58333, 833333.00, 175000.00, 1008333.00, 5000010.00, '2022-06-10', 'Belum Lunas', 30),
(47, 200, 'jangka panjang', 150000000.00, 60, 0.58333, 2500000.00, 875000.00, 3375000.00, 135000000.00, '2024-06-07', 'Belum Lunas', 6),
(48, 357, 'jangka panjang', 100000000.00, 36, 0.58333, 2777778.00, 583333.00, 3361111.00, 16666660.00, '2022-06-07', 'Belum Lunas', 30),
(49, 357, 'jangka panjang', 7000000.00, 12, 0.58333, 583333.00, 40834.00, 624167.00, 0.00, '2023-12-04', 'Lunas', 12),
(50, 424, 'jangka panjang', 65000000.00, 15, 0.58333, 4333333.00, 379167.00, 4712500.00, 4333338.00, '2023-09-26', 'Belum Lunas', 14),
(51, 583, 'jangka panjang', 18000000.00, 18, 0.58333, 1000000.00, 105000.00, 1105000.00, 12000000.00, '2024-06-20', 'Belum Lunas', 6),
(52, 590, 'jangka panjang', 150000000.00, 60, 0.58333, 2500000.00, 875000.00, 3375000.00, 87500000.00, '2022-11-02', 'Belum Lunas', 25),
(53, 365, 'jangka panjang', 70000000.00, 60, 0.58333, 1166667.00, 408333.00, 1575000.00, 31499989.00, '2022-03-07', 'Belum Lunas', 33),
(54, 119, 'jangka panjang', 10000000.00, 24, 0.58333, 416667.00, 58333.00, 475000.00, 7916665.00, '2024-07-03', 'Belum Lunas', 5),
(55, 618, 'jangka panjang', 50000000.00, 60, 0.58333, 833333.00, 291667.00, 1125000.00, 48333334.00, '2024-10-18', 'Belum Lunas', 2),
(56, 298, 'jangka panjang', 115000000.00, 48, 0.58333, 2395833.00, 670867.00, 3066700.00, 33541678.00, '2022-02-08', 'Belum Lunas', 34),
(57, 186, 'jangka panjang', 30000000.00, 48, 0.58333, 625000.00, 175000.00, 800000.00, 28125000.00, '2024-09-11', 'Belum Lunas', 3),
(58, 253, 'jangka panjang', 50000000.00, 60, 0.58333, 833333.00, 291667.00, 1125000.00, 27500009.00, '2022-09-05', 'Belum Lunas', 27),
(59, 374, 'jangka panjang', 10000000.00, 24, 0.58333, 416667.00, 58333.00, 475000.00, 5833330.00, '2024-02-07', 'Belum Lunas', 10),
(60, 305, 'jangka panjang', 50000000.00, 24, 0.58333, 2083333.00, 291667.00, 2375000.00, 37500002.00, '2024-05-22', 'Belum Lunas', 6),
(61, 587, 'jangka panjang', 50000000.00, 60, 0.58333, 833333.00, 291667.00, 1125000.00, 32500007.00, '2023-03-07', 'Belum Lunas', 21),
(62, 602, 'jangka panjang', 30000000.00, 60, 0.58333, 500000.00, 175000.00, 675000.00, 24500000.00, '2024-01-04', 'Belum Lunas', 11),
(63, 616, 'jangka panjang', 30000000.00, 36, 0.58333, 833333.00, 175000.00, 1008333.00, 21666670.00, '2024-02-12', 'Belum Lunas', 10),
(64, 19, 'jangka panjang', 30000000.00, 60, 0.58333, 500000.00, 175000.00, 675000.00, 13000000.00, '2022-02-03', 'Belum Lunas', 34),
(65, 19, 'jangka panjang', 7000000.00, 12, 0.58333, 583333.00, 40834.00, 624167.00, 5250001.00, '2024-09-05', 'Belum Lunas', 3),
(66, 230, 'jangka panjang', 100000000.00, 60, 0.58333, 1666667.00, 583333.00, 2250000.00, 38333321.00, '2021-11-08', 'Belum Lunas', 37),
(67, 292, 'jangka panjang', 78000000.00, 60, 0.58333, 1300000.00, 455000.00, 1755000.00, 59800000.00, '2023-10-16', 'Belum Lunas', 14),
(68, 625, 'jangka panjang', 150000000.00, 48, 0.58333, 3125000.00, 875000.00, 4000000.00, 121875000.00, '2024-03-22', 'Belum Lunas', 9),
(69, 153, 'jangka panjang', 100000000.00, 36, 0.58333, 2777778.00, 583333.00, 3361111.00, 97222222.00, '2024-10-22', 'Belum Lunas', 1),
(70, 787, 'jangka panjang', 18000000.00, 36, 0.58333, 500000.00, 105000.00, 605000.00, 16500000.00, '2024-09-05', 'Belum Lunas', 3),
(71, 213, 'jangka panjang', 50000000.00, 36, 0.58333, 1388889.00, 291667.00, 1680556.00, 44444444.00, '2024-08-02', 'Belum Lunas', 4),
(72, 716, 'jangka panjang', 100000000.00, 60, 0.58333, 1666667.00, 583333.00, 2250000.00, 88333331.00, '2024-05-03', 'Belum Lunas', 7),
(73, 575, 'jangka panjang', 50000000.00, 36, 0.58333, 1388889.00, 291667.00, 1680556.00, 24999998.00, '2023-06-16', 'Belum Lunas', 18),
(74, 644, 'jangka panjang', 50000000.00, 24, 0.58333, 2083333.00, 291667.00, 2375000.00, 29166670.00, '2024-02-05', 'Belum Lunas', 10),
(75, 645, 'jangka panjang', 50000000.00, 60, 0.58333, 833333.00, 291667.00, 1125000.00, 47500001.00, '2024-09-05', 'Belum Lunas', 3),
(76, 226, 'jangka panjang', 17000000.00, 36, 0.58333, 472222.00, 99178.00, 571400.00, 2361118.00, '2022-05-17', 'Belum Lunas', 31),
(77, 474, 'jangka panjang', 100000000.00, 36, 0.58333, 2777778.00, 583333.00, 3361111.00, 72222220.00, '2024-02-05', 'Belum Lunas', 10),
(78, 54, 'jangka panjang', 10000000.00, 24, 0.58333, 416667.00, 58333.00, 475000.00, 1666660.00, '2023-03-21', 'Belum Lunas', 20),
(79, 182, 'jangka panjang', 150000000.00, 60, 0.58333, 2500000.00, 875000.00, 3375000.00, 117500000.00, '2023-10-26', 'Belum Lunas', 13),
(80, 302, 'jangka panjang', 50000000.00, 36, 0.58333, 1388889.00, 291667.00, 1680556.00, 48611111.00, '2024-11-06', 'Belum Lunas', 1),
(81, 560, 'jangka panjang', 60000000.00, 60, 0.58333, 1000000.00, 350000.00, 1350000.00, 46000000.00, '2023-10-16', 'Belum Lunas', 14),
(82, 560, 'jangka panjang', 3500000.00, 12, 0.58333, 291667.00, 20416.00, 312083.00, 2333332.00, '2024-08-09', 'Belum Lunas', 4),
(83, 395, 'jangka panjang', 85000000.00, 60, 0.58333, 1416700.00, 637500.00, 2054200.00, 7081500.00, '2020-05-11', 'Belum Lunas', 55),
(84, 280, 'jangka panjang', 40000000.00, 36, 0.58333, 1111111.00, 233333.00, 1344444.00, 26666668.00, '2023-12-04', 'Belum Lunas', 12),
(86, 767, 'jangka panjang', 75000000.00, 24, 0.58333, 3125000.00, 437500.00, 3562500.00, 56250000.00, '2024-06-07', 'Belum Lunas', 6),
(87, 702, 'jangka panjang', 15000000.00, 24, 0.58333, 625000.00, 87500.00, 712500.00, 11875000.00, '2024-06-20', 'Belum Lunas', 5),
(88, 381, 'jangka panjang', 100000000.00, 60, 0.58333, 1666667.00, 583333.00, 2250000.00, 89999998.00, '2024-06-07', 'Belum Lunas', 6),
(89, 541, 'jangka panjang', 60000000.00, 36, 0.58333, 1666667.00, 350000.00, 2016667.00, 38333329.00, '2023-11-03', 'Belum Lunas', 13),
(90, 541, 'jangka panjang', 10000000.00, 12, 0.58333, 833333.00, 58334.00, 891667.00, 8333334.00, '2024-09-26', 'Belum Lunas', 2),
(91, 225, 'jangka panjang', 150000000.00, 60, 0.58333, 2500000.00, 875000.00, 3375000.00, 95000000.00, '2023-02-08', 'Belum Lunas', 22),
(92, 610, 'jangka panjang', 20000000.00, 36, 0.58333, 555556.00, 116666.00, 672222.00, 17777776.00, '2024-08-09', 'Belum Lunas', 4),
(93, 460, 'jangka panjang', 125000000.00, 48, 0.58333, 2604167.00, 729166.00, 3333333.00, 122395833.00, '2024-10-22', 'Belum Lunas', 1),
(94, 663, 'jangka panjang', 30000000.00, 60, 0.58333, 500000.00, 175000.00, 675000.00, 29550000.00, '2024-11-28', 'Belum Lunas', 0),
(95, 651, 'jangka panjang', 10000000.00, 24, 0.58333, 416667.00, 58333.00, 475000.00, 3333328.00, '2023-08-09', 'Belum Lunas', 16),
(96, 674, 'jangka panjang', 50000000.00, 24, 0.58333, 2083333.00, 291667.00, 2375000.00, 43750001.00, '2024-09-11', 'Belum Lunas', 3),
(97, 263, 'jangka panjang', 135000000.00, 60, 0.58333, 2250000.00, 787500.00, 3037500.00, 81000000.00, '2022-12-01', 'Belum Lunas', 24),
(98, 772, 'jangka panjang', 95000000.00, 60, 0.58333, 1583333.00, 554167.00, 2137500.00, 90250001.00, '2024-09-17', 'Belum Lunas', 3),
(99, 685, 'jangka panjang', 25000000.00, 60, 0.58333, 416667.00, 145833.00, 562500.00, 22499998.00, '2024-05-27', 'Belum Lunas', 6),
(100, 685, 'jangka panjang', 2000000.00, 12, 0.58333, 166667.00, 11666.00, 178333.00, 2083335.00, '2024-01-07', 'Belum Lunas', 1),
(101, 720, 'jangka panjang', 40000000.00, 60, 0.58333, 666667.00, 233333.00, 900000.00, 27999994.00, '2023-06-07', 'Belum Lunas', 18),
(102, 720, 'jangka panjang', 5000000.00, 12, 0.58333, 416667.00, 29166.00, 445833.00, 4583333.00, '2024-11-12', 'Belum Lunas', 1),
(103, 713, 'jangka panjang', 32000000.00, 60, 0.58333, 533333.00, 186667.00, 720000.00, 26666670.00, '2024-02-05', 'Belum Lunas', 10),
(104, 591, 'jangka panjang', 50000000.00, 60, 0.58333, 833333.00, 291667.00, 1125000.00, 49166667.00, '2024-11-18', 'Belum Lunas', 1),
(105, 642, 'jangka panjang', 100000000.00, 48, 0.58333, 2083333.00, 583367.00, 2666700.00, 22916679.00, '2021-11-15', 'Belum Lunas', 37),
(106, 48, 'jangka panjang', 100000000.00, 60, 0.58333, 1666667.00, 583333.00, 2250000.00, 36666654.00, '2021-10-12', 'Belum Lunas', 38),
(108, 184, 'jangka panjang', 30000000.00, 48, 0.58333, 625000.00, 175000.00, 800000.00, 23125000.00, '2024-01-16', 'Belum Lunas', 11),
(109, 105, 'jangka panjang', 135000000.00, 60, 0.58333, 2250000.00, 787500.00, 3037500.00, 60750000.00, '2022-03-11', 'Belum Lunas', 33),
(110, 776, 'jangka panjang', 15000000.00, 24, 0.58333, 625000.00, 87500.00, 712500.00, 3750000.00, '2023-05-23', 'Belum Lunas', 18),
(111, 769, 'jangka panjang', 50000000.00, 36, 0.58333, 1388889.00, 291667.00, 1680556.00, 33333332.00, '2023-11-23', 'Belum Lunas', 12),
(112, 730, 'jangka panjang', 110000000.00, 60, 0.58333, 1833333.00, 641667.00, 2475000.00, 31166681.00, '2021-05-04', 'Belum Lunas', 43),
(113, 193, 'jangka panjang', 23000000.00, 12, 0.58333, 1916667.00, 134166.00, 2050833.00, 17249999.00, '2024-08-20', 'Belum Lunas', 3),
(114, 140, 'jangka panjang', 45000000.00, 48, 0.58333, 937500.00, 262500.00, 1200000.00, 38437500.00, '2024-05-03', 'Belum Lunas', 7),
(115, 366, 'jangka panjang', 100000000.00, 24, 0.58333, 4166667.00, 583333.00, 4750000.00, 37499995.00, '2023-09-01', 'Belum Lunas', 15),
(116, 463, 'jangka panjang', 150000000.00, 48, 0.58333, 3125000.00, 875000.00, 4000000.00, 68750000.00, '2022-06-08', 'Belum Lunas', 26),
(117, 535, 'jangka panjang', 10000000.00, 36, 0.58333, 277778.00, 58333.00, 336111.00, 2777772.00, '2022-10-05', 'Belum Lunas', 26),
(118, 390, 'jangka panjang', 100000000.00, 48, 0.58333, 2083333.00, 583334.00, 2666667.00, 43750009.00, '2022-09-05', 'Belum Lunas', 27),
(119, 775, 'jangka panjang', 31000000.00, 60, 0.58333, 516667.00, 180833.00, 697500.00, 28416665.00, '2024-07-15', 'Belum Lunas', 5),
(120, 499, 'jangka panjang', 150000000.00, 60, 0.58333, 2500000.00, 875000.00, 3375000.00, 92500000.00, '2023-01-13', 'Belum Lunas', 23),
(121, 1, 'jangka panjang', 50000000.00, 36, 0.58333, 1388889.00, 291667.00, 1680556.00, 29166665.00, '2023-09-01', 'Belum Lunas', 15),
(122, 601, 'jangka panjang', 60000000.00, 48, 0.58333, 1250000.00, 350000.00, 1600000.00, 50000000.00, '2024-04-02', 'Belum Lunas', 8),
(123, 733, 'jangka panjang', 32500000.00, 36, 0.58333, 902778.00, 189583.00, 1092361.00, 23472220.00, '2024-02-05', 'Belum Lunas', 10),
(124, 637, 'jangka panjang', 150000000.00, 60, 0.58333, 2500000.00, 875000.00, 3375000.00, 137500000.00, '2024-07-03', 'Belum Lunas', 5),
(125, 378, 'jangka panjang', 150000000.00, 60, 0.58333, 2500000.00, 875000.00, 3375000.00, 97500000.00, '2023-03-07', 'Belum Lunas', 21),
(126, 782, 'jangka panjang', 135000000.00, 60, 0.58333, 2250000.00, 787500.00, 3037500.00, 128250000.00, '2024-08-23', 'Belum Lunas', 3),
(127, 614, 'jangka panjang', 25000000.00, 60, 0.58333, 416667.00, 145833.00, 562500.00, 20833330.00, '2024-02-07', 'Belum Lunas', 10),
(128, 594, 'jangka panjang', 150000000.00, 60, 0.58333, 2500000.00, 875000.00, 3375000.00, 147500000.00, '2024-11-18', 'Belum Lunas', 1),
(129, 678, 'jangka panjang', 26000000.00, 48, 0.58333, 541667.00, 151666.00, 693333.00, 20583330.00, '2024-02-05', 'Belum Lunas', 10),
(130, 4, 'jangka panjang', 55000000.00, 48, 0.58333, 1145833.00, 320834.00, 1466667.00, 52708334.00, '2024-10-18', 'Belum Lunas', 2),
(131, 84, 'jangka panjang', 30000000.00, 24, 0.58333, 1250000.00, 175000.00, 1425000.00, 13750000.00, '2023-11-03', 'Belum Lunas', 13),
(132, 795, 'jangka panjang', 50000000.00, 24, 0.58333, 2083333.00, 291667.00, 2375000.00, 41666668.00, '2024-08-20', 'Belum Lunas', 4),
(133, 239, 'jangka panjang', 182000000.00, 60, 0.58333, 3033333.00, 1061667.00, 4095000.00, 0.00, '2024-07-31', 'Lunas', 4),
(134, 289, 'jangka panjang', 60000000.00, 24, 0.58333, 2500000.00, 350000.00, 2850000.00, 25000000.00, '2023-09-26', 'Belum Lunas', 14),
(135, 569, 'jangka panjang', 150000000.00, 60, 0.58333, 2500000.00, 875000.00, 3375000.00, 115000000.00, '2023-10-09', 'Belum Lunas', 14),
(136, 569, 'jangka panjang', 10000000.00, 12, 0.58333, 833333.00, 58334.00, 891667.00, 5000002.00, '2024-06-07', 'Belum Lunas', 6),
(137, 531, 'jangka panjang', 50000000.00, 18, 0.58333, 2777777.00, 291667.00, 3069444.00, 41666669.00, '2024-09-05', 'Belum Lunas', 3),
(138, 457, 'jangka panjang', 5000000.00, 12, 0.58333, 416667.00, 29166.00, 445833.00, 2083331.00, '2024-04-25', 'Belum Lunas', 7),
(139, 459, 'jangka panjang', 110000000.00, 60, 0.58333, 1833333.00, 641667.00, 2475000.00, 89833337.00, '2024-01-04', 'Belum Lunas', 11),
(140, 617, 'jangka panjang', 100000000.00, 36, 0.58333, 2777778.00, 583333.00, 3361111.00, 36111106.00, '2023-01-10', 'Belum Lunas', 23),
(141, 360, 'jangka panjang', 20000000.00, 36, 0.58333, 555556.00, 116666.00, 672222.00, 6111100.00, '2022-11-14', 'Belum Lunas', 25),
(142, 203, 'jangka panjang', 7000000.00, 12, 0.58333, 583333.00, 40834.00, 624167.00, 1166670.00, '2024-02-05', 'Belum Lunas', 10),
(143, 636, 'jangka panjang', 34000000.00, 60, 0.58333, 566667.00, 198333.00, 765000.00, 24933328.00, '2023-08-15', 'Belum Lunas', 16),
(144, 636, 'jangka panjang', 5000000.00, 12, 0.58333, 416667.00, 29167.00, 445834.00, 1666664.00, '2024-03-27', 'Belum Lunas', 8),
(145, 676, 'jangka panjang', 59400000.00, 36, 0.58333, 1650000.00, 346500.00, 1996500.00, 51150000.00, '2024-07-09', 'Belum Lunas', 5),
(146, 750, 'jangka panjang', 50000000.00, 36, 0.58333, 1388889.00, 291667.00, 1680556.00, 20833331.00, '2023-03-07', 'Belum Lunas', 21),
(147, 628, 'jangka panjang', 20000000.00, 12, 0.58333, 1666667.00, 116666.00, 1783333.00, 3333330.00, '2024-02-05', 'Belum Lunas', 10),
(148, 151, 'jangka panjang', 25000000.00, 24, 0.58333, 1041667.00, 145833.00, 1187500.00, 14583330.00, '2024-02-06', 'Belum Lunas', 10),
(149, 744, 'jangka panjang', 150000000.00, 60, 0.58333, 2500000.00, 875000.00, 3375000.00, 127500000.00, '2024-03-06', 'Belum Lunas', 9),
(150, 589, 'jangka panjang', 150000000.00, 60, 0.58333, 2500000.00, 875000.00, 3375000.00, 127500000.00, '2024-03-06', 'Belum Lunas', 9),
(151, 637, 'jangka panjang', 61000000.00, 60, 0.58333, 1016667.00, 355833.00, 1372500.00, 48799996.00, '2023-12-04', 'Belum Lunas', 12),
(152, 149, 'jangka panjang', 32000000.00, 60, 0.58333, 533333.00, 186667.00, 720000.00, 30933334.00, '2024-10-18', 'Belum Lunas', 2),
(153, 771, 'jangka panjang', 116000000.00, 60, 0.58333, 1933333.00, 676667.00, 2610000.00, 108266668.00, '2024-08-13', 'Belum Lunas', 4),
(154, 726, 'jangka panjang', 30000000.00, 54, 0.58333, 555556.00, 175000.00, 730556.00, 23888884.00, '2024-01-11', 'Belum Lunas', 11),
(155, 469, 'jangka panjang', 125000000.00, 60, 0.58333, 2083333.00, 729167.00, 2812500.00, 0.00, '2023-11-03', 'Lunas', 13),
(156, 526, 'jangka panjang', 100000000.00, 42, 0.58333, 2380952.00, 583334.00, 2964286.00, 33333344.00, '2022-08-11', 'Belum Lunas', 28),
(157, 8, 'jangka panjang', 150000000.00, 60, 0.58333, 2500000.00, 875000.00, 3375000.00, 42500000.00, '2021-05-20', 'Belum Lunas', 43),
(158, 88, 'jangka panjang', 47000000.00, 24, 0.58333, 1958333.00, 274167.00, 2232500.00, 11750006.00, '2023-06-16', 'Belum Lunas', 18),
(159, 568, 'jangka panjang', 10000000.00, 60, 0.58333, 166667.00, 58333.00, 225000.00, 9333332.00, '2024-07-31', 'Belum Lunas', 4),
(160, 472, 'jangka panjang', 70000000.00, 48, 0.58333, 1458333.00, 408334.00, 1866667.00, 61250002.00, '2024-06-07', 'Belum Lunas', 6),
(161, 102, 'jangka panjang', 20000000.00, 24, 0.58333, 833333.00, 116667.00, 950000.00, 1666674.00, '2023-02-03', 'Belum Lunas', 22),
(162, 648, 'jangka panjang', 130000000.00, 60, 0.58333, 2166667.00, 758333.00, 2925000.00, 97499995.00, '2023-09-01', 'Belum Lunas', 15),
(163, 303, 'jangka panjang', 27000000.00, 48, 0.58333, 562500.00, 157500.00, 720000.00, 20812500.00, '2024-01-04', 'Belum Lunas', 11),
(164, 94, 'jangka panjang', 45000000.00, 36, 0.58333, 1250000.00, 262500.00, 1512500.00, 33750000.00, '2024-03-18', 'Belum Lunas', 9),
(165, 665, 'jangka panjang', 70000000.00, 60, 0.58333, 0.00, 0.00, 0.00, 70000000.00, '2024-11-28', 'Belum Lunas', 0),
(166, 609, 'jangka panjang', 10000000.00, 12, 0.58333, 0.00, 0.00, 0.00, 10000000.00, '2024-11-28', 'Belum Lunas', 0),
(167, 469, 'jangka panjang', 132000000.00, 48, 0.58333, 0.00, 0.00, 0.00, 132000000.00, '2024-11-28', 'Belum Lunas', 0),
(168, 753, 'jangka panjang', 50000000.00, 24, 0.58333, 0.00, 0.00, 0.00, 50000000.00, '2024-12-10', 'Belum Lunas', 0),
(169, 507, 'jangka panjang', 50000000.00, 24, 0.58333, 0.00, 0.00, 0.00, 50000000.00, '2024-12-10', 'Belum Lunas', 0),
(170, 781, 'jangka panjang', 30000000.00, 36, 0.58333, 0.00, 0.00, 0.00, 30000000.00, '2024-12-10', 'Belum Lunas', 0),
(171, 715, 'jangka panjang', 150000000.00, 60, 0.58333, 0.00, 0.00, 0.00, 150000000.00, '2024-12-10', 'Belum Lunas', 0),
(172, 239, 'jangka panjang', 182000000.00, 60, 0.58333, 0.00, 0.00, 0.00, 182000000.00, '2024-12-10', 'Belum Lunas', 0),
(173, 749, 'jangka panjang', 9000000.00, 16, 0.58333, 562500.00, 52500.00, 615000.00, 8437500.00, '2024-11-15', 'Belum Lunas', 1),
(174, 779, 'jangka pendek', 3000000.00, 7, 0.58333, 428571.00, 17500.00, 446071.00, 428574.00, '2024-06-03', 'Belum Lunas', 6),
(175, 762, 'jangka panjang', 26000000.00, 24, 0.58333, 1083333.00, 151667.00, 1235000.00, 16250003.00, '2024-03-06', 'Belum Lunas', 9),
(176, 741, 'jangka pendek', 5000000.00, 10, 0.58333, 500000.00, 29167.00, 529167.00, 1000000.00, '2024-03-07', 'Belum Lunas', 8),
(177, 539, 'jangka panjang', 14475500.00, 12, 0.58333, 1206292.00, 84574.00, 1290866.00, 1206288.00, '2024-02-07', 'Belum Lunas', 11),
(178, 539, 'jangka panjang', 5000000.00, 12, 0.58333, 416667.00, 29167.00, 445834.00, 416663.00, '2024-02-07', 'Belum Lunas', 11),
(179, 541, 'jangka pendek', 205740.00, 1, 0.58333, 205740.00, 0.00, 205740.00, 203740.00, '2022-12-17', 'Belum Lunas', 0),
(180, 785, 'jangka panjang', 10000000.00, 12, 0.58333, 833333.00, 58334.00, 891667.00, 2500003.00, '2024-03-20', 'Belum Lunas', 9),
(181, 758, 'jangka panjang', 60000000.00, 60, 0.58333, 1000000.00, 350000.00, 1350000.00, 51000000.00, '2024-04-19', 'Belum Lunas', 9),
(182, 789, 'jangka panjang', 10000000.00, 12, 0.58333, 833333.00, 58334.00, 891667.00, 3333336.00, '2024-05-02', 'Belum Lunas', 8),
(183, 671, 'jangka panjang', 3000000.00, 12, 0.58333, 250000.00, 17500.00, 267500.00, 1000000.00, '2024-05-13', 'Belum Lunas', 8),
(184, 635, 'jangka panjang', 10000000.00, 12, 0.58333, 833333.00, 58334.00, 891667.00, 5833335.00, '2024-08-13', 'Belum Lunas', 5),
(185, 790, 'jangka pendek', 6000000.00, 10, 0.58333, 600000.00, 35000.00, 635000.00, 2400000.00, '2024-08-13', 'Belum Lunas', 6);

-- --------------------------------------------------------

--
-- Table structure for table `simpanan`
--

CREATE TABLE `simpanan` (
  `id` int(11) NOT NULL,
  `id_anggota` int(11) NOT NULL,
  `tanggal` date DEFAULT NULL,
  `simpanan_wajib` decimal(10,2) DEFAULT NULL,
  `simpanan_pokok` decimal(10,2) DEFAULT NULL,
  `simpanan_sukarela` decimal(20,2) DEFAULT NULL,
  `metode_bayar` varchar(50) DEFAULT NULL
) ENGINE=InnoDB DEFAULT CHARSET=utf8mb4 COLLATE=utf8mb4_general_ci;

--
-- Dumping data for table `simpanan`
--

INSERT INTO `simpanan` (`id`, `id_anggota`, `tanggal`, `simpanan_wajib`, `simpanan_pokok`, `simpanan_sukarela`, `metode_bayar`) VALUES
(1, 151, '2024-12-31', 16582000.00, 100000.00, 2728559.00, 'Transfer'),
(2, 152, '2024-12-31', 16579000.00, 100000.00, 3624547.00, 'Transfer'),
(3, 153, '2024-12-31', 16582000.00, 100000.00, 2236154.00, 'Transfer'),
(4, 155, '2024-12-31', 16579000.00, 100000.00, 4963488.00, 'Transfer'),
(5, 156, '2024-12-31', 16579000.00, 100000.00, 2410010.00, 'Transfer'),
(6, 159, '2024-12-31', 16580000.00, 100000.00, 2245427.00, 'Transfer'),
(7, 160, '2024-12-31', 16582000.00, 100000.00, 4761541.00, 'Transfer'),
(8, 161, '2024-12-31', 16584000.00, 100000.00, 2590101.00, 'Transfer'),
(9, 165, '2024-12-31', 16582000.00, 100000.00, 4585920.00, 'Transfer'),
(10, 182, '2024-12-31', 16581000.00, 100000.00, 3297315.00, 'Transfer'),
(11, 184, '2024-12-31', 16425000.00, 100000.00, 2451313.00, 'Transfer'),
(12, 186, '2024-12-31', 15204000.00, 100000.00, 1026211.00, 'Transfer'),
(13, 193, '2024-12-31', 16425000.00, 100000.00, 1669874.00, 'Transfer'),
(14, 197, '2024-12-31', 16202000.00, 100000.00, 1254458.00, 'Transfer'),
(15, 200, '2024-12-31', 16578000.00, 100000.00, 6849254.00, 'Transfer'),
(16, 201, '2024-12-31', 16578000.00, 100000.00, 3549153.00, 'Transfer'),
(17, 202, '2024-12-31', 16425000.00, 100000.00, 1615142.00, 'Transfer'),
(18, 203, '2024-12-31', 16425000.00, 100000.00, 6109477.00, 'Transfer'),
(19, 205, '2024-12-31', 11577000.00, 100000.00, 1922607.00, 'Transfer'),
(20, 211, '2024-12-31', 16416000.00, 100000.00, 2131973.00, 'Transfer'),
(21, 213, '2024-12-31', 16574000.00, 100000.00, 4072466.00, 'Transfer'),
(22, 217, '2024-12-31', 16576000.00, 100000.00, 2502253.00, 'Transfer'),
(23, 225, '2024-12-31', 16575000.00, 100000.00, 4323421.00, 'Transfer'),
(24, 226, '2024-12-31', 16575000.00, 100000.00, 4557887.00, 'Transfer'),
(25, 228, '2024-12-31', 16578000.00, 100000.00, 4693311.00, 'Transfer'),
(26, 229, '2024-12-31', 16573000.00, 100000.00, 3153237.00, 'Transfer'),
(27, 230, '2024-12-31', 16574000.00, 100000.00, 3751085.00, 'Transfer'),
(28, 231, '2024-12-31', 16574000.00, 100000.00, 3064673.00, 'Transfer'),
(29, 239, '2024-12-31', 16573000.00, 100000.00, 3950587.68, 'Transfer'),
(30, 243, '2024-12-31', 16574000.00, 100000.00, 1584756.00, 'Transfer'),
(31, 245, '2024-12-31', 16435000.00, 100000.00, 5471487.00, 'Transfer'),
(32, 250, '2024-12-31', 16570000.00, 100000.00, 2302800.00, 'Transfer'),
(33, 252, '2024-12-31', 16573000.00, 100000.00, 1243391.00, 'Transfer'),
(34, 253, '2024-12-31', 16573000.00, 100000.00, 3988234.00, 'Transfer'),
(35, 254, '2024-12-31', 16573000.00, 100000.00, 4405015.00, 'Transfer'),
(36, 255, '2024-12-31', 16578000.00, 100000.00, 2054997.00, 'Transfer'),
(37, 260, '2024-12-31', 16573000.00, 100000.00, 3733895.00, 'Transfer'),
(38, 263, '2024-12-31', 16570000.00, 100000.00, 4124954.00, 'Transfer'),
(39, 269, '2024-12-31', 16573000.00, 100000.00, 4236734.00, 'Transfer'),
(40, 270, '2024-12-31', 16595000.00, 100000.00, 3220884.00, 'Transfer'),
(41, 271, '2024-12-31', 16715000.00, 100000.00, 2323306.00, 'Transfer'),
(42, 272, '2024-12-31', 16575000.00, 100000.00, 2323952.00, 'Transfer'),
(43, 273, '2024-12-31', 16575000.00, 100000.00, 2007698.00, 'Transfer'),
(44, 275, '2024-12-31', 16571000.00, 100000.00, 2242518.00, 'Transfer'),
(45, 277, '2024-12-31', 16571000.00, 100000.00, 2964128.00, 'Transfer'),
(46, 280, '2024-12-31', 16571000.00, 100000.00, 5055996.00, 'Transfer'),
(47, 282, '2024-12-31', 16572000.00, 100000.00, 4989864.00, 'Transfer'),
(48, 283, '2024-12-31', 16571000.00, 100000.00, 2694449.00, 'Transfer'),
(49, 284, '2024-12-31', 16572000.00, 100000.00, 4233427.00, 'Transfer'),
(50, 287, '2024-12-31', 16572000.00, 100000.00, 2095237.00, 'Transfer'),
(51, 288, '2024-12-31', 16572000.00, 100000.00, 1691918.00, 'Transfer'),
(52, 289, '2024-12-31', 16573000.00, 100000.00, 5640076.00, 'Transfer'),
(53, 290, '2024-12-31', 16573000.00, 100000.00, 2506301.00, 'Transfer'),
(54, 292, '2024-12-31', 16573000.00, 100000.00, 3165574.00, 'Transfer'),
(55, 295, '2024-12-31', 16570000.00, 100000.00, 5232728.00, 'Transfer'),
(56, 298, '2024-12-31', 16576000.00, 100000.00, 3047055.00, 'Transfer'),
(57, 299, '2024-12-31', 15379000.00, 100000.00, 655219.00, 'Transfer'),
(58, 302, '2024-12-31', 16570000.00, 100000.00, 3860050.00, 'Transfer'),
(59, 303, '2024-12-31', 16570000.00, 100000.00, 3543749.00, 'Transfer'),
(60, 305, '2024-12-31', 16570000.00, 100000.00, 6739389.00, 'Transfer'),
(61, 310, '2024-12-31', 16573000.00, 100000.00, 1484392.00, 'Transfer'),
(62, 312, '2024-12-31', 16713000.00, 100000.00, 2161562.00, 'Transfer'),
(63, 314, '2024-12-31', 16570000.00, 100000.00, 1533437.00, 'Transfer'),
(64, 315, '2024-12-31', 16273000.00, 100000.00, 1683247.00, 'Transfer'),
(65, 323, '2024-12-31', 16385000.00, 100000.00, 1643494.00, 'Transfer'),
(66, 329, '2024-12-31', 16570000.00, 100000.00, 2199970.00, 'Transfer'),
(67, 337, '2024-12-31', 16573000.00, 100000.00, 2573783.00, 'Transfer'),
(68, 343, '2024-12-31', 16572000.00, 100000.00, 3792059.00, 'Transfer'),
(69, 348, '2024-12-31', 16567000.00, 100000.00, 3373649.00, 'Transfer'),
(70, 350, '2024-12-31', 16568000.00, 100000.00, 3415546.00, 'Transfer'),
(71, 351, '2024-12-31', 16575000.00, 100000.00, 3479856.00, 'Transfer'),
(72, 357, '2024-12-31', 16413000.00, 100000.00, 2460334.00, 'Transfer'),
(73, 360, '2024-12-31', 16410000.00, 100000.00, 2095808.00, 'Transfer'),
(74, 362, '2024-12-31', 16413000.00, 100000.00, 1231779.00, 'Transfer'),
(75, 365, '2024-12-31', 16439000.00, 100000.00, 2416298.00, 'Transfer'),
(76, 366, '2024-12-31', 16573000.00, 100000.00, 2124148.00, 'Transfer'),
(77, 369, '2024-12-31', 16563000.00, 100000.00, 5008247.00, 'Transfer'),
(78, 372, '2024-12-31', 16563000.00, 100000.00, 3228660.00, 'Transfer'),
(79, 373, '2024-12-31', 16563000.00, 100000.00, 2326006.00, 'Transfer'),
(80, 374, '2024-12-31', 16563000.00, 100000.00, 4051567.00, 'Transfer'),
(81, 375, '2024-12-31', 16563000.00, 100000.00, 3399736.00, 'Transfer'),
(82, 376, '2024-12-31', 16563000.00, 100000.00, 3246927.00, 'Transfer'),
(83, 377, '2024-12-31', 16563000.00, 100000.00, 1983573.00, 'Transfer'),
(84, 378, '2024-12-31', 16563000.00, 100000.00, 2256355.00, 'Transfer'),
(85, 379, '2024-12-31', 16563000.00, 100000.00, 2287248.00, 'Transfer'),
(86, 380, '2024-12-31', 16563000.00, 100000.00, 2807164.00, 'Transfer'),
(87, 381, '2024-12-31', 16563000.00, 100000.00, 2473528.00, 'Transfer'),
(88, 382, '2024-12-31', 16563000.00, 100000.00, 3379554.00, 'Transfer'),
(89, 385, '2024-12-31', 16563000.00, 100000.00, 3215068.00, 'Transfer'),
(90, 390, '2024-12-31', 16562000.00, 100000.00, 4017775.00, 'Transfer'),
(91, 392, '2024-12-31', 16562000.00, 100000.00, 2603149.00, 'Transfer'),
(92, 395, '2024-12-31', 16564000.00, 100000.00, 2749551.00, 'Transfer'),
(93, 396, '2024-12-31', 16574000.00, 100000.00, 5235477.00, 'Transfer'),
(94, 398, '2024-12-31', 16565000.00, 100000.00, 3681884.00, 'Transfer'),
(95, 400, '2024-12-31', 16562000.00, 100000.00, 4092834.00, 'Transfer'),
(96, 402, '2024-12-31', 16562000.00, 100000.00, 2883105.00, 'Transfer'),
(97, 407, '2024-12-31', 16575000.00, 100000.00, 2666507.00, 'Transfer'),
(98, 410, '2024-12-31', 16568000.00, 100000.00, 1726721.00, 'Transfer'),
(99, 411, '2024-12-31', 16417000.00, 100000.00, 2577520.00, 'Transfer'),
(100, 413, '2024-12-31', 16452000.00, 100000.00, 2490376.00, 'Transfer'),
(101, 414, '2024-12-31', 16565000.00, 100000.00, 5583773.00, 'Transfer'),
(102, 421, '2024-12-31', 16563000.00, 100000.00, 4388445.00, 'Transfer'),
(103, 423, '2024-12-31', 16562000.00, 100000.00, 3745170.00, 'Transfer'),
(104, 424, '2024-12-31', 16560000.00, 100000.00, 5054994.00, 'Transfer'),
(105, 425, '2024-12-31', 16457000.00, 100000.00, 3824659.00, 'Transfer'),
(106, 429, '2024-12-31', 16553000.00, 100000.00, 3470590.00, 'Transfer'),
(107, 433, '2024-12-31', 11551000.00, 100000.00, 2494906.00, 'Transfer'),
(108, 435, '2024-12-31', 16400000.00, 100000.00, 1676729.00, 'Transfer'),
(109, 437, '2024-12-31', 16385000.00, 100000.00, 1800672.00, 'Transfer'),
(110, 446, '2024-12-31', 16550000.00, 100000.00, 4088741.00, 'Transfer'),
(111, 447, '2024-12-31', 16550000.00, 100000.00, 2716720.00, 'Transfer'),
(112, 449, '2024-12-31', 16550000.00, 100000.00, 4490917.00, 'Transfer'),
(113, 450, '2024-12-31', 16550000.00, 100000.00, 4644310.00, 'Transfer'),
(114, 452, '2024-12-31', 16550000.00, 100000.00, 4472778.00, 'Transfer'),
(115, 453, '2024-12-31', 16550000.00, 100000.00, 2637622.00, 'Transfer'),
(116, 456, '2024-12-31', 16610000.00, 100000.00, 2439815.00, 'Transfer'),
(117, 457, '2024-12-31', 16550000.00, 100000.00, 5962151.00, 'Transfer'),
(118, 459, '2024-12-31', 16550000.00, 100000.00, 2982901.00, 'Transfer'),
(119, 460, '2024-12-31', 16549000.00, 100000.00, 1773541.00, 'Transfer'),
(120, 462, '2024-12-31', 16550000.00, 100000.00, 1028633.00, 'Transfer'),
(121, 463, '2024-12-31', 16542000.00, 100000.00, 7445583.00, 'Transfer'),
(122, 465, '2024-12-31', 16546000.00, 100000.00, 3683527.00, 'Transfer'),
(123, 466, '2024-12-31', 16543000.00, 100000.00, 2671912.00, 'Transfer'),
(124, 469, '2024-12-31', 16481000.00, 100000.00, 3464263.00, 'Transfer'),
(125, 471, '2024-12-31', 16500000.00, 100000.00, 3550927.00, 'Transfer'),
(126, 472, '2024-12-31', 16500000.00, 100000.00, 4658080.00, 'Transfer'),
(127, 473, '2024-12-31', 16500000.00, 100000.00, 2989778.00, 'Transfer'),
(128, 474, '2024-12-31', 16500000.00, 100000.00, 2585213.00, 'Transfer'),
(129, 475, '2024-12-31', 16500000.00, 100000.00, 3025434.00, 'Transfer'),
(130, 476, '2024-12-31', 16540000.00, 100000.00, 1560216.00, 'Transfer'),
(131, 479, '2024-12-31', 16423000.00, 100000.00, 1706775.00, 'Transfer'),
(132, 480, '2024-12-31', 16500000.00, 100000.00, 2059622.00, 'Transfer'),
(133, 481, '2024-12-31', 16500000.00, 100000.00, 2447956.00, 'Transfer'),
(134, 483, '2024-12-31', 16500000.00, 100000.00, 3638137.00, 'Transfer'),
(135, 484, '2024-12-31', 16500000.00, 100000.00, 3254215.00, 'Transfer'),
(136, 488, '2024-12-31', 16500000.00, 100000.00, 2039523.00, 'Transfer'),
(137, 489, '2024-12-31', 16500000.00, 100000.00, 3013371.00, 'Transfer'),
(138, 490, '2024-12-31', 16500000.00, 100000.00, 2732941.00, 'Transfer'),
(139, 492, '2024-12-31', 16500000.00, 100000.00, 4294033.00, 'Transfer'),
(140, 495, '2024-12-31', 16500000.00, 100000.00, 2938786.00, 'Transfer'),
(141, 496, '2024-12-31', 16500000.00, 100000.00, 2961674.00, 'Transfer'),
(142, 497, '2024-12-31', 16500000.00, 100000.00, 5234094.00, 'Transfer'),
(143, 498, '2024-12-31', 16500000.00, 100000.00, 1595062.00, 'Transfer'),
(144, 499, '2024-12-31', 16500000.00, 100000.00, 6296132.00, 'Transfer'),
(145, 503, '2024-12-31', 16500000.00, 100000.00, 3084625.00, 'Transfer'),
(146, 506, '2024-12-31', 16500000.00, 100000.00, 2050803.00, 'Transfer'),
(147, 507, '2024-12-31', 16500000.00, 100000.00, 4641565.00, 'Transfer'),
(148, 511, '2024-12-31', 16500000.00, 100000.00, 3180846.00, 'Transfer'),
(149, 512, '2024-12-31', 16550000.00, 100000.00, 4862162.00, 'Transfer'),
(150, 513, '2024-12-31', 16480000.00, 100000.00, 1973988.00, 'Transfer'),
(151, 514, '2024-12-31', 16500000.00, 100000.00, 5336223.00, 'Transfer'),
(152, 517, '2024-12-31', 16500000.00, 100000.00, 3944206.00, 'Transfer'),
(153, 518, '2024-12-31', 16544000.00, 100000.00, 3053432.00, 'Transfer'),
(154, 519, '2024-12-31', 16500000.00, 100000.00, 3043456.00, 'Transfer'),
(155, 520, '2024-12-31', 16544000.00, 100000.00, 2419813.00, 'Transfer'),
(156, 521, '2024-12-31', 16500000.00, 100000.00, 2175812.00, 'Transfer'),
(157, 523, '2024-12-31', 16430000.00, 100000.00, 2778073.00, 'Transfer'),
(158, 524, '2024-12-31', 16430000.00, 100000.00, 3469190.00, 'Transfer'),
(159, 525, '2024-12-31', 16430000.00, 100000.00, 2245180.00, 'Transfer'),
(160, 526, '2024-12-31', 16425000.00, 100000.00, 4172826.00, 'Transfer'),
(161, 528, '2024-12-31', 16415000.00, 100000.00, 1030616.00, 'Transfer'),
(162, 531, '2024-12-31', 16295000.00, 100000.00, 2581178.00, 'Transfer'),
(163, 532, '2024-12-31', 16390000.00, 100000.00, 3319868.00, 'Transfer'),
(164, 535, '2024-12-31', 16435000.00, 100000.00, 5416203.00, 'Transfer'),
(165, 541, '2024-12-31', 16111000.00, 100000.00, 1995593.00, 'Transfer'),
(166, 543, '2024-12-31', 16275000.00, 100000.00, 3739625.00, 'Transfer'),
(167, 545, '2024-12-31', 16180000.00, 100000.00, 2779430.00, 'Transfer'),
(168, 547, '2024-12-31', 16080000.00, 100000.00, 1474039.00, 'Transfer'),
(169, 554, '2024-12-31', 16550000.00, 100000.00, 3661859.00, 'Transfer'),
(170, 555, '2024-12-31', 16160000.00, 100000.00, 4441872.00, 'Transfer'),
(171, 556, '2024-12-31', 16120000.00, 100000.00, 2564061.00, 'Transfer'),
(172, 557, '2024-12-31', 16500000.00, 100000.00, 1897315.00, 'Transfer'),
(173, 558, '2024-12-31', 16500000.00, 100000.00, 4218609.00, 'Transfer'),
(174, 560, '2024-12-31', 16500000.00, 100000.00, 2818250.00, 'Transfer'),
(175, 561, '2024-12-31', 16500000.00, 100000.00, 2221693.00, 'Transfer'),
(176, 563, '2024-12-31', 16490000.00, 100000.00, 2771679.00, 'Transfer'),
(177, 567, '2024-12-31', 15925000.00, 100000.00, 3554827.00, 'Transfer'),
(178, 568, '2024-12-31', 15865000.00, 100000.00, 2410342.00, 'Transfer'),
(179, 569, '2024-12-31', 15865000.00, 100000.00, 2938003.00, 'Transfer'),
(180, 570, '2024-12-31', 15900000.00, 100000.00, 1265073.00, 'Transfer'),
(181, 572, '2024-12-31', 14170000.00, 100000.00, 2310985.00, 'Transfer'),
(182, 573, '2024-12-31', 15770000.00, 100000.00, 1788548.00, 'Transfer'),
(183, 575, '2024-12-31', 15645000.00, 100000.00, 4000662.00, 'Transfer'),
(184, 577, '2024-12-31', 15455000.00, 100000.00, 2784158.00, 'Transfer'),
(185, 581, '2024-12-31', 15315000.00, 100000.00, 2838510.00, 'Transfer'),
(186, 583, '2024-12-31', 15115000.00, 100000.00, 2123006.00, 'Transfer'),
(187, 587, '2024-12-31', 15315000.00, 100000.00, 1973730.00, 'Transfer'),
(188, 588, '2024-12-31', 15300000.00, 100000.00, 1340236.00, 'Transfer'),
(189, 589, '2024-12-31', 15300000.00, 100000.00, 4787782.00, 'Transfer'),
(190, 590, '2024-12-31', 15300000.00, 100000.00, 5847122.00, 'Transfer'),
(191, 591, '2024-12-31', 15300000.00, 100000.00, 3819629.00, 'Transfer'),
(192, 593, '2024-12-31', 15300000.00, 100000.00, 5065529.00, 'Transfer'),
(193, 594, '2024-12-31', 15300000.00, 100000.00, 2940186.00, 'Transfer'),
(194, 595, '2024-12-31', 15300000.00, 100000.00, 969532.00, 'Transfer'),
(195, 598, '2024-12-31', 15285000.00, 100000.00, 3169047.00, 'Transfer'),
(196, 599, '2024-12-31', 15285000.00, 100000.00, 2507502.00, 'Transfer'),
(197, 600, '2024-12-31', 15285000.00, 100000.00, 1425186.00, 'Transfer'),
(198, 601, '2024-12-31', 15270000.00, 100000.00, 2081879.00, 'Transfer'),
(199, 602, '2024-12-31', 15270000.00, 100000.00, 1990167.00, 'Transfer'),
(200, 603, '2024-12-31', 15255000.00, 100000.00, 3638056.00, 'Transfer'),
(201, 604, '2024-12-31', 15255000.00, 100000.00, 3537830.00, 'Transfer'),
(202, 608, '2024-12-31', 15225000.00, 100000.00, 6186229.00, 'Transfer'),
(203, 609, '2024-12-31', 15225000.00, 100000.00, 1964670.00, 'Transfer'),
(204, 610, '2024-12-31', 15225000.00, 100000.00, 2079702.00, 'Transfer'),
(205, 612, '2024-12-31', 15225000.00, 100000.00, 4079831.00, 'Transfer'),
(206, 613, '2024-12-31', 15210000.00, 100000.00, 3047875.00, 'Transfer'),
(207, 614, '2024-12-31', 15225000.00, 100000.00, 1631519.00, 'Transfer'),
(208, 615, '2024-12-31', 15210000.00, 100000.00, 3468330.00, 'Transfer'),
(209, 616, '2024-12-31', 15195000.00, 100000.00, 1228527.00, 'Transfer'),
(210, 617, '2024-12-31', 14695000.00, 100000.00, 11447248.00, 'Transfer'),
(211, 618, '2024-12-31', 15195000.00, 100000.00, 2877092.00, 'Transfer'),
(212, 619, '2024-12-31', 15180000.00, 100000.00, 2494430.00, 'Transfer'),
(213, 620, '2024-12-31', 15180000.00, 100000.00, 2541035.00, 'Transfer'),
(214, 621, '2024-12-31', 15180000.00, 100000.00, 1261207.00, 'Transfer'),
(215, 622, '2024-12-31', 15180000.00, 100000.00, 3317414.00, 'Transfer'),
(216, 624, '2024-12-31', 15210000.00, 100000.00, 2887212.00, 'Transfer'),
(217, 625, '2024-12-31', 15180000.00, 100000.00, 5163141.00, 'Transfer'),
(218, 626, '2024-12-31', 14860000.00, 100000.00, 2587906.00, 'Transfer'),
(219, 627, '2024-12-31', 15165000.00, 100000.00, 2424835.00, 'Transfer'),
(220, 628, '2024-12-31', 15165000.00, 100000.00, 3018306.00, 'Transfer'),
(221, 629, '2024-12-31', 15165000.00, 100000.00, 1617192.00, 'Transfer'),
(222, 630, '2024-12-31', 11850000.00, 100000.00, 1603547.00, 'Transfer'),
(223, 632, '2024-12-31', 15135000.00, 100000.00, 1283968.00, 'Transfer'),
(224, 633, '2024-12-31', 15120000.00, 100000.00, 2787317.00, 'Transfer'),
(225, 634, '2024-12-31', 15120000.00, 100000.00, 1961085.00, 'Transfer'),
(226, 635, '2024-12-31', 15075000.00, 100000.00, 596126.00, 'Transfer'),
(227, 636, '2024-12-31', 15060000.00, 100000.00, 1456546.00, 'Transfer'),
(228, 637, '2024-12-31', 15045000.00, 100000.00, 2784322.00, 'Transfer'),
(229, 638, '2024-12-31', 14890000.00, 100000.00, 1891361.00, 'Transfer'),
(230, 639, '2024-12-31', 14965000.00, 100000.00, 2165045.00, 'Transfer'),
(231, 640, '2024-12-31', 15025000.00, 100000.00, 2040880.00, 'Transfer'),
(232, 642, '2024-12-31', 15025000.00, 100000.00, 4837716.00, 'Transfer'),
(233, 643, '2024-12-31', 15000000.00, 100000.00, 4487225.00, 'Transfer'),
(234, 644, '2024-12-31', 15000000.00, 100000.00, 4088857.00, 'Transfer'),
(235, 645, '2024-12-31', 14925000.00, 100000.00, 3609773.00, 'Transfer'),
(236, 647, '2024-12-31', 14925000.00, 100000.00, 2652294.00, 'Transfer'),
(237, 648, '2024-12-31', 14825000.00, 100000.00, 3392719.00, 'Transfer'),
(238, 650, '2024-12-31', 14800000.00, 100000.00, 3244530.00, 'Transfer'),
(239, 651, '2024-12-31', 14900000.00, 100000.00, 2145274.00, 'Transfer'),
(240, 652, '2024-12-31', 14875000.00, 100000.00, 1265762.00, 'Transfer'),
(241, 655, '2024-12-31', 14600000.00, 100000.00, 1382406.00, 'Transfer'),
(242, 657, '2024-12-31', 14550000.00, 100000.00, 1597029.00, 'Transfer'),
(243, 659, '2024-12-31', 14300000.00, 100000.00, 777152.00, 'Transfer'),
(244, 660, '2024-12-31', 14500000.00, 100000.00, 947380.00, 'Transfer'),
(245, 661, '2024-12-31', 14375000.00, 100000.00, 2250896.00, 'Transfer'),
(246, 663, '2024-12-31', 14325000.00, 100000.00, 1358836.00, 'Transfer'),
(247, 665, '2024-12-31', 14150000.00, 100000.00, 997648.00, 'Transfer'),
(248, 667, '2024-12-31', 15775000.00, 100000.00, 2177512.00, 'Transfer'),
(249, 670, '2024-12-31', 13950000.00, 100000.00, 5224724.00, 'Transfer'),
(250, 672, '2024-12-31', 13975000.00, 100000.00, 1286416.00, 'Transfer'),
(251, 673, '2024-12-31', 14025000.00, 100000.00, 1121710.00, 'Transfer'),
(252, 676, '2024-12-31', 14000000.00, 100000.00, 1529704.00, 'Transfer'),
(253, 677, '2024-12-31', 13850000.00, 100000.00, 724252.00, 'Transfer'),
(254, 678, '2024-12-31', 13850000.00, 100000.00, 1085328.00, 'Transfer'),
(255, 679, '2024-12-31', 13850000.00, 100000.00, 1218168.00, 'Transfer'),
(256, 680, '2024-12-31', 13850000.00, 100000.00, 786822.00, 'Transfer'),
(257, 681, '2024-12-31', 13850000.00, 100000.00, 535292.00, 'Transfer'),
(258, 682, '2024-12-31', 14000000.00, 100000.00, 1712351.00, 'Transfer'),
(259, 684, '2024-12-31', 13825000.00, 100000.00, 1067870.00, 'Transfer'),
(260, 685, '2024-12-31', 13800000.00, 100000.00, 925703.00, 'Transfer'),
(261, 689, '2024-12-31', 13525000.00, 100000.00, 1662407.00, 'Transfer'),
(262, 691, '2024-12-31', 13525000.00, 100000.00, 1817238.00, 'Transfer'),
(263, 692, '2024-12-31', 13525000.00, 100000.00, 1576812.00, 'Transfer'),
(264, 693, '2024-12-31', 13600000.00, 100000.00, 962870.00, 'Transfer'),
(265, 695, '2024-12-31', 13350000.00, 100000.00, 2441193.00, 'Transfer'),
(266, 698, '2024-12-31', 13375000.00, 100000.00, 2550640.00, 'Transfer'),
(267, 699, '2024-12-31', 13100000.00, 100000.00, 2147182.00, 'Transfer'),
(268, 700, '2024-12-31', 13050000.00, 100000.00, 1398414.00, 'Transfer'),
(269, 701, '2024-12-31', 13050000.00, 100000.00, 1340234.00, 'Transfer'),
(270, 702, '2024-12-31', 12175000.00, 100000.00, 1032007.00, 'Transfer'),
(271, 704, '2024-12-31', 12800000.00, 100000.00, 1281774.00, 'Transfer'),
(272, 705, '2024-12-31', 12975000.00, 100000.00, 566497.00, 'Transfer'),
(273, 707, '2024-12-31', 12925000.00, 100000.00, 2711963.00, 'Transfer'),
(274, 711, '2024-12-31', 12500000.00, 100000.00, 1856813.00, 'Transfer'),
(275, 713, '2024-12-31', 11300000.00, 100000.00, 162692.00, 'Transfer'),
(276, 715, '2024-12-31', 11300000.00, 100000.00, 1719312.00, 'Transfer'),
(277, 716, '2024-12-31', 11300000.00, 100000.00, 1656627.00, 'Transfer'),
(278, 717, '2024-12-31', 11300000.00, 100000.00, 551419.00, 'Transfer'),
(279, 718, '2024-12-31', 11300000.00, 100000.00, 408038.00, 'Transfer'),
(280, 720, '2024-12-31', 11300000.00, 100000.00, 711398.00, 'Transfer'),
(281, 722, '2024-12-31', 11300000.00, 100000.00, 380543.00, 'Transfer'),
(282, 723, '2024-12-31', 11300000.00, 100000.00, 386278.00, 'Transfer'),
(283, 724, '2024-12-31', 11300000.00, 100000.00, 443176.00, 'Transfer'),
(284, 726, '2024-12-31', 11600000.00, 100000.00, 618328.00, 'Transfer'),
(285, 728, '2024-12-31', 11300000.00, 100000.00, 1927192.00, 'Transfer'),
(286, 729, '2024-12-31', 11400000.00, 100000.00, 1106847.00, 'Transfer'),
(287, 730, '2024-12-31', 11400000.00, 100000.00, 3735601.00, 'Transfer'),
(288, 731, '2024-12-31', 10800000.00, 100000.00, 1227031.00, 'Transfer'),
(289, 732, '2024-12-31', 10800000.00, 100000.00, 380308.00, 'Transfer'),
(290, 733, '2024-12-31', 10800000.00, 100000.00, 882163.00, 'Transfer'),
(291, 734, '2024-12-31', 10800000.00, 100000.00, 1478163.00, 'Transfer'),
(292, 736, '2024-12-31', 10800000.00, 100000.00, 2220435.00, 'Transfer'),
(293, 737, '2024-12-31', 10800000.00, 100000.00, 1277947.00, 'Transfer'),
(294, 738, '2024-12-31', 10800000.00, 100000.00, 1603601.00, 'Transfer'),
(295, 739, '2024-12-31', 10800000.00, 100000.00, 372645.00, 'Transfer'),
(296, 740, '2024-12-31', 10500000.00, 100000.00, 401211.00, 'Transfer'),
(297, 744, '2024-12-31', 9400000.00, 100000.00, 1185385.00, 'Transfer'),
(298, 747, '2024-12-31', 8800000.00, 100000.00, 701673.00, 'Transfer'),
(299, 748, '2024-12-31', 9250000.00, 100000.00, 860157.00, 'Transfer'),
(300, 750, '2024-12-31', 9100000.00, 100000.00, 1353381.00, 'Transfer'),
(301, 751, '2024-12-31', 7900000.00, 100000.00, 17964332.00, 'Transfer'),
(302, 753, '2024-12-31', 7000000.00, 100000.00, 178938.00, 'Transfer'),
(303, 757, '2024-12-31', 5800000.00, 100000.00, 1264122.00, 'Transfer'),
(304, 755, '2024-12-31', 5200000.00, 100000.00, 407381.00, 'Transfer'),
(305, 759, '2024-12-31', 5200000.00, 100000.00, 1354918.00, 'Transfer'),
(306, 760, '2024-12-31', 4800000.00, 100000.00, 449793.00, 'Transfer'),
(307, 761, '2024-12-31', 5200000.00, 100000.00, 1654134.00, 'Transfer'),
(308, 763, '2024-12-31', 4100000.00, 100000.00, 148866.00, 'Transfer'),
(309, 764, '2024-12-31', 4000000.00, 100000.00, 375605.00, 'Transfer'),
(310, 765, '2024-12-31', 3900000.00, 100000.00, 344146.00, 'Transfer'),
(311, 766, '2024-12-31', 3800000.00, 100000.00, 22686.00, 'Transfer'),
(312, 767, '2024-12-31', 3600000.00, 100000.00, 333669.00, 'Transfer'),
(313, 768, '2024-12-31', 3500000.00, 100000.00, 18310.00, 'Transfer'),
(314, 769, '2024-12-31', 3500000.00, 100000.00, 18310.00, 'Transfer'),
(315, 770, '2024-12-31', 3700000.00, 100000.00, 17620.00, 'Transfer'),
(316, 771, '2024-12-31', 3500000.00, 100000.00, 14099.00, 'Transfer'),
(317, 772, '2024-12-31', 3500000.00, 100000.00, 23641.00, 'Transfer'),
(318, 773, '2024-12-31', 3500000.00, 100000.00, 18310.00, 'Transfer'),
(319, 774, '2024-12-31', 3500000.00, 100000.00, 14526.00, 'Transfer'),
(320, 775, '2024-12-31', 3500000.00, 100000.00, 54098.00, 'Transfer'),
(321, 776, '2024-12-31', 3700000.00, 100000.00, 60857.00, 'Transfer'),
(322, 777, '2024-12-31', 2900000.00, 100000.00, 329556.00, 'Transfer'),
(323, 778, '2024-12-31', 3100000.00, 100000.00, 312475.00, 'Transfer'),
(324, 585, '2024-12-31', 2700000.00, 100000.00, 706639.00, 'Transfer'),
(325, 780, '2024-12-31', 2300000.00, 100000.00, 354426.00, 'Transfer'),
(326, 781, '2024-12-31', 2700000.00, 100000.00, 39518.00, 'Transfer'),
(327, 782, '2024-12-31', 2100000.00, 100000.00, 53319.00, 'Transfer'),
(328, 783, '2024-12-31', 1700000.00, 100000.00, 6106.00, 'Transfer'),
(329, 658, '2024-12-31', 1500000.00, 100000.00, 0.00, 'Transfer'),
(330, 784, '2024-12-31', 1500000.00, 100000.00, 50000.00, 'Transfer'),
(331, 787, '2024-12-31', 1350000.00, 100000.00, 50000.00, 'Transfer'),
(332, 791, '2024-12-31', 600000.00, 100000.00, 20000.00, 'Transfer'),
(333, 792, '2024-12-31', 600000.00, 100000.00, 25000.00, 'Transfer'),
(334, 793, '2024-12-31', 1650000.00, 100000.00, 20000.00, 'Transfer'),
(335, 794, '2024-12-31', 750000.00, 100000.00, 50000.00, 'Transfer'),
(336, 795, '2024-12-31', 1500000.00, 100000.00, 100000.00, 'Transfer'),
(337, 674, '2024-12-31', 1350000.00, 100000.00, 100000.00, 'Transfer'),
(338, 797, '2024-12-31', 450000.00, 100000.00, 50000.00, 'Transfer'),
(339, 798, '2024-12-31', 450000.00, 100000.00, 50000.00, 'Transfer'),
(340, 799, '2024-12-31', 450000.00, 100000.00, 25000.00, 'Transfer'),
(341, 801, '2024-12-31', 450000.00, 100000.00, 50000.00, 'Transfer'),
(342, 1, '2024-12-31', 16668000.00, 100000.00, 2164983.00, 'Transfer'),
(343, 2, '2024-12-31', 16581000.00, 100000.00, 6103968.00, 'Transfer'),
(344, 4, '2024-12-31', 16587000.00, 100000.00, 4208669.00, 'Transfer'),
(345, 8, '2024-12-31', 16586000.00, 100000.00, 5307788.00, 'Transfer'),
(346, 18, '2024-12-31', 16587000.00, 100000.00, 3439886.00, 'Transfer'),
(347, 19, '2024-12-31', 15737000.00, 100000.00, 1063847.00, 'Transfer'),
(348, 33, '2024-12-31', 16582000.00, 100000.00, 2854152.00, 'Transfer'),
(349, 34, '2024-12-31', 16486000.00, 100000.00, 1577601.00, 'Transfer'),
(350, 41, '2024-12-31', 16587000.00, 100000.00, 2699601.00, 'Transfer'),
(351, 43, '2024-12-31', 16586000.00, 100000.00, 1721557.00, 'Transfer'),
(352, 45, '2024-12-31', 16586000.00, 100000.00, 2437981.00, 'Transfer'),
(353, 46, '2024-12-31', 16584000.00, 100000.00, 1681266.00, 'Transfer'),
(354, 47, '2024-12-31', 16584000.00, 100000.00, 5263999.00, 'Transfer'),
(355, 48, '2024-12-31', 16584000.00, 100000.00, 3059317.00, 'Transfer'),
(356, 54, '2024-12-31', 16589000.00, 100000.00, 4575208.00, 'Transfer'),
(357, 56, '2024-12-31', 16588000.00, 100000.00, 3055479.00, 'Transfer'),
(358, 58, '2024-12-31', 16586000.00, 100000.00, 1389364.00, 'Transfer'),
(359, 71, '2024-12-31', 16587000.00, 100000.00, 3480854.00, 'Transfer'),
(360, 74, '2024-12-31', 16586000.00, 100000.00, 1276835.00, 'Transfer'),
(361, 75, '2024-12-31', 16586000.00, 100000.00, 3915636.00, 'Transfer'),
(362, 77, '2024-12-31', 16584000.00, 100000.00, 1788544.00, 'Transfer'),
(363, 79, '2024-12-31', 13786000.00, 100000.00, 3430420.00, 'Transfer'),
(364, 80, '2024-12-31', 16583000.00, 100000.00, 2640938.00, 'Transfer'),
(365, 82, '2024-12-31', 16585000.00, 100000.00, 4661388.00, 'Transfer'),
(366, 84, '2024-12-31', 16587000.00, 100000.00, 1872597.00, 'Transfer'),
(367, 88, '2024-12-31', 16587000.00, 100000.00, 2074574.00, 'Transfer'),
(368, 90, '2024-12-31', 16586000.00, 100000.00, 1758277.00, 'Transfer'),
(369, 94, '2024-12-31', 16587000.00, 100000.00, 4520614.00, 'Transfer'),
(370, 96, '2024-12-31', 16587000.00, 100000.00, 2043545.00, 'Transfer'),
(371, 97, '2024-12-31', 16586000.00, 100000.00, 7277476.00, 'Transfer'),
(372, 102, '2024-12-31', 16585000.00, 100000.00, 5391531.00, 'Transfer'),
(373, 103, '2024-12-31', 16488000.00, 100000.00, 2696949.00, 'Transfer'),
(374, 105, '2024-12-31', 16512000.00, 100000.00, 2697172.00, 'Transfer'),
(375, 107, '2024-12-31', 16587000.00, 100000.00, 4049120.00, 'Transfer'),
(376, 109, '2024-12-31', 16587000.00, 100000.00, 1436085.00, 'Transfer'),
(377, 119, '2024-12-31', 16482000.00, 100000.00, 1551971.00, 'Transfer'),
(378, 120, '2024-12-31', 16580000.00, 100000.00, 1455870.00, 'Transfer'),
(379, 123, '2024-12-31', 16587000.00, 100000.00, 2628771.00, 'Transfer'),
(380, 128, '2024-12-31', 16582000.00, 100000.00, 3862535.00, 'Transfer'),
(381, 132, '2024-12-31', 16587000.00, 100000.00, 3223504.00, 'Transfer'),
(382, 136, '2024-12-31', 16587000.00, 100000.00, 2401485.00, 'Transfer'),
(383, 137, '2024-12-31', 16584000.00, 100000.00, 2292147.00, 'Transfer'),
(384, 140, '2024-12-31', 16580000.00, 100000.00, 4131922.00, 'Transfer'),
(385, 141, '2024-12-31', 16581000.00, 100000.00, 1620814.00, 'Transfer'),
(386, 143, '2024-12-31', 16581000.00, 100000.00, 2912483.00, 'Transfer'),
(387, 144, '2024-12-31', 16582000.00, 100000.00, 2840041.00, 'Transfer'),
(388, 146, '2024-12-31', 16582000.00, 100000.00, 3053865.00, 'Transfer'),
(389, 147, '2024-12-31', 16581000.00, 100000.00, 1892964.00, 'Transfer'),
(390, 148, '2024-12-31', 16581000.00, 100000.00, 3955070.00, 'Transfer'),
(391, 149, '2024-12-31', 16581000.00, 100000.00, 1827380.00, 'Transfer'),
(392, 539, '2024-12-31', 14630000.00, 100000.00, 1225875.00, 'cash'),
(393, 671, '2024-12-31', 14000000.00, 100000.00, 903969.00, 'cash'),
(394, 745, '2024-12-31', 7600000.00, 100000.00, 291216.00, 'cash'),
(395, 746, '2024-12-31', 8900000.00, 100000.00, 346200.00, 'cash'),
(396, 749, '2024-12-31', 8400000.00, 100000.00, 287714.00, 'cash'),
(397, 756, '2024-12-31', 5800000.00, 100000.00, 68661.00, 'cash'),
(398, 758, '2024-12-31', 5950000.00, 100000.00, 215051.00, 'cash'),
(399, 762, '2024-12-31', 5000000.00, 100000.00, 128144.00, 'cash'),
(400, 779, '2024-12-31', 3300000.00, 100000.00, 26481.00, 'cash'),
(401, 741, '2024-12-31', 1750000.00, 100000.00, NULL, 'cash'),
(402, 785, '2024-12-31', 2050000.00, 100000.00, 100000.00, 'cash'),
(403, 786, '2024-12-31', 100000.00, 100000.00, NULL, 'cash'),
(404, 788, '2024-12-31', 1200000.00, 100000.00, NULL, 'cash'),
(405, 789, '2024-12-31', 2250000.00, 100000.00, NULL, 'cash'),
(406, 790, '2024-12-31', 1650000.00, 100000.00, NULL, 'cash'),
(407, 796, '2024-12-31', 1650000.00, 100000.00, 20000.00, 'cash'),
(408, 802, '2024-12-31', 600000.00, 100000.00, NULL, 'cash'),
(409, 803, '2024-12-31', 150000.00, 100000.00, NULL, 'cash'),
(410, 804, '2024-12-31', 150000.00, 100000.00, 100000.00, 'cash');

-- --------------------------------------------------------

--
-- Table structure for table `simpanan_history`
--

CREATE TABLE `simpanan_history` (
  `id` int(11) NOT NULL,
  `simpanan_id` int(11) NOT NULL,
  `id_anggota` int(11) NOT NULL,
  `action_type` enum('buat','edit','tambah','delete') NOT NULL,
  `old_data` longtext CHARACTER SET utf8mb4 COLLATE utf8mb4_bin DEFAULT NULL CHECK (json_valid(`old_data`)),
  `new_data` longtext CHARACTER SET utf8mb4 COLLATE utf8mb4_bin DEFAULT NULL CHECK (json_valid(`new_data`)),
  `changed_by` varchar(100) DEFAULT NULL,
  `action_date` timestamp NOT NULL DEFAULT current_timestamp()
) ENGINE=InnoDB DEFAULT CHARSET=utf8mb4 COLLATE=utf8mb4_general_ci;

-- --------------------------------------------------------

--
-- Table structure for table `users`
--

CREATE TABLE `users` (
  `id` int(11) NOT NULL,
  `nama` varchar(100) NOT NULL,
  `email` varchar(100) NOT NULL,
  `password` varchar(255) NOT NULL,
  `role_user` enum('Super Admin','Pimpinan','Admin Keuangan') NOT NULL
) ENGINE=InnoDB DEFAULT CHARSET=utf8mb4 COLLATE=utf8mb4_general_ci;

--
-- Dumping data for table `users`
--

INSERT INTO `users` (`id`, `nama`, `email`, `password`, `role_user`) VALUES
(1, 'Admin IT', 'superadmin@gmail.com', 'super', 'Super Admin'),
(2, 'Pimpinan Koperasi', 'adminpimpinan@gmail.com', 'adminp', 'Pimpinan'),
(3, 'Administrasi & Keuangan', 'adminkeuangan@gmail.com', 'admink', 'Admin Keuangan');

--
-- Indexes for dumped tables
--

--
-- Indexes for table `anggota`
--
ALTER TABLE `anggota`
  ADD PRIMARY KEY (`id`),
  ADD KEY `anggota_ibfk_1` (`nip_anggota`);

--
-- Indexes for table `kredit_barang`
--
ALTER TABLE `kredit_barang`
  ADD PRIMARY KEY (`id`),
  ADD KEY `kredit_barang_ibfk_1` (`id_anggota`);

--
-- Indexes for table `kredit_elektronik`
--
ALTER TABLE `kredit_elektronik`
  ADD PRIMARY KEY (`id`),
  ADD KEY `kredit_elektronik_ibfk_1` (`id_anggota`);

--
-- Indexes for table `kredit_motor`
--
ALTER TABLE `kredit_motor`
  ADD PRIMARY KEY (`id`),
  ADD KEY `kredit_motor_ibfk_1` (`id_anggota`);

--
-- Indexes for table `kredit_umroh`
--
ALTER TABLE `kredit_umroh`
  ADD PRIMARY KEY (`id`),
  ADD KEY `kredit_umroh_ibfk_1` (`id_anggota`);

--
-- Indexes for table `pegawai`
--
ALTER TABLE `pegawai`
  ADD PRIMARY KEY (`nip`);

--
-- Indexes for table `pembayaran`
--
ALTER TABLE `pembayaran`
  ADD PRIMARY KEY (`id`),
  ADD KEY `pembayaran_ibfk_1` (`id_kredit_barang`),
  ADD KEY `pembayaran_ibfk_2` (`id_kredit_motor`),
  ADD KEY `pembayaran_ibfk_3` (`id_kredit_elektronik`),
  ADD KEY `pembayaran_ibfk_4` (`id_kredit_umroh`),
  ADD KEY `pembayaran_ibfk_5` (`id_pinjaman`);

--
-- Indexes for table `pinjaman`
--
ALTER TABLE `pinjaman`
  ADD PRIMARY KEY (`id`),
  ADD KEY `pinjaman_ibfk_1` (`id_anggota`);

--
-- Indexes for table `simpanan`
--
ALTER TABLE `simpanan`
  ADD PRIMARY KEY (`id`),
  ADD KEY `simpanan_ibfk_1` (`id_anggota`);

--
-- Indexes for table `simpanan_history`
--
ALTER TABLE `simpanan_history`
  ADD KEY `fk_simpanan` (`simpanan_id`),
  ADD KEY `fk_anggota_simpanan_history` (`id_anggota`);

--
-- Indexes for table `users`
--
ALTER TABLE `users`
  ADD PRIMARY KEY (`id`),
  ADD UNIQUE KEY `email` (`email`);

--
-- AUTO_INCREMENT for dumped tables
--

--
-- AUTO_INCREMENT for table `anggota`
--
ALTER TABLE `anggota`
  MODIFY `id` int(11) NOT NULL AUTO_INCREMENT, AUTO_INCREMENT=805;

--
-- AUTO_INCREMENT for table `kredit_barang`
--
ALTER TABLE `kredit_barang`
  MODIFY `id` int(11) NOT NULL AUTO_INCREMENT, AUTO_INCREMENT=74;

--
-- AUTO_INCREMENT for table `kredit_elektronik`
--
ALTER TABLE `kredit_elektronik`
  MODIFY `id` int(11) NOT NULL AUTO_INCREMENT, AUTO_INCREMENT=16;

--
-- AUTO_INCREMENT for table `kredit_motor`
--
ALTER TABLE `kredit_motor`
  MODIFY `id` int(11) NOT NULL AUTO_INCREMENT, AUTO_INCREMENT=17;

--
-- AUTO_INCREMENT for table `kredit_umroh`
--
ALTER TABLE `kredit_umroh`
  MODIFY `id` int(11) NOT NULL AUTO_INCREMENT, AUTO_INCREMENT=16;

--
-- AUTO_INCREMENT for table `pembayaran`
--
ALTER TABLE `pembayaran`
  MODIFY `id` int(11) NOT NULL AUTO_INCREMENT, AUTO_INCREMENT=50;

--
-- AUTO_INCREMENT for table `pinjaman`
--
ALTER TABLE `pinjaman`
  MODIFY `id` int(11) NOT NULL AUTO_INCREMENT, AUTO_INCREMENT=186;

--
-- AUTO_INCREMENT for table `simpanan`
--
ALTER TABLE `simpanan`
  MODIFY `id` int(11) NOT NULL AUTO_INCREMENT, AUTO_INCREMENT=1669;

--
-- AUTO_INCREMENT for table `users`
--
ALTER TABLE `users`
  MODIFY `id` int(11) NOT NULL AUTO_INCREMENT, AUTO_INCREMENT=4;

--
-- Constraints for dumped tables
--

--
-- Constraints for table `anggota`
--
ALTER TABLE `anggota`
  ADD CONSTRAINT `anggota_ibfk_1` FOREIGN KEY (`nip_anggota`) REFERENCES `pegawai` (`nip`);

--
-- Constraints for table `kredit_barang`
--
ALTER TABLE `kredit_barang`
  ADD CONSTRAINT `kredit_barang_ibfk_1` FOREIGN KEY (`id_anggota`) REFERENCES `anggota` (`id`);

--
-- Constraints for table `kredit_elektronik`
--
ALTER TABLE `kredit_elektronik`
  ADD CONSTRAINT `kredit_elektronik_ibfk_1` FOREIGN KEY (`id_anggota`) REFERENCES `anggota` (`id`);

--
-- Constraints for table `kredit_motor`
--
ALTER TABLE `kredit_motor`
  ADD CONSTRAINT `kredit_motor_ibfk_1` FOREIGN KEY (`id_anggota`) REFERENCES `anggota` (`id`);

--
-- Constraints for table `kredit_umroh`
--
ALTER TABLE `kredit_umroh`
  ADD CONSTRAINT `kredit_umroh_ibfk_1` FOREIGN KEY (`id_anggota`) REFERENCES `anggota` (`id`);

--
-- Constraints for table `pembayaran`
--
ALTER TABLE `pembayaran`
  ADD CONSTRAINT `pembayaran_ibfk_1` FOREIGN KEY (`id_kredit_barang`) REFERENCES `kredit_barang` (`id`),
  ADD CONSTRAINT `pembayaran_ibfk_2` FOREIGN KEY (`id_kredit_motor`) REFERENCES `kredit_motor` (`id`),
  ADD CONSTRAINT `pembayaran_ibfk_3` FOREIGN KEY (`id_kredit_elektronik`) REFERENCES `kredit_elektronik` (`id`),
  ADD CONSTRAINT `pembayaran_ibfk_4` FOREIGN KEY (`id_kredit_umroh`) REFERENCES `kredit_umroh` (`id`),
  ADD CONSTRAINT `pembayaran_ibfk_5` FOREIGN KEY (`id_pinjaman`) REFERENCES `pinjaman` (`id`);

--
-- Constraints for table `pinjaman`
--
ALTER TABLE `pinjaman`
  ADD CONSTRAINT `pinjaman_ibfk_1` FOREIGN KEY (`id_anggota`) REFERENCES `anggota` (`id`);

--
-- Constraints for table `simpanan`
--
ALTER TABLE `simpanan`
  ADD CONSTRAINT `simpanan_ibfk_1` FOREIGN KEY (`id_anggota`) REFERENCES `anggota` (`id`);

--
-- Constraints for table `simpanan_history`
--
ALTER TABLE `simpanan_history`
  ADD CONSTRAINT `fk_anggota_simpanan_history` FOREIGN KEY (`id_anggota`) REFERENCES `anggota` (`id`),
  ADD CONSTRAINT `fk_simpanan` FOREIGN KEY (`simpanan_id`) REFERENCES `simpanan` (`id`);
COMMIT;

/*!40101 SET CHARACTER_SET_CLIENT=@OLD_CHARACTER_SET_CLIENT */;
/*!40101 SET CHARACTER_SET_RESULTS=@OLD_CHARACTER_SET_RESULTS */;
/*!40101 SET COLLATION_CONNECTION=@OLD_COLLATION_CONNECTION */;
